transaction_id,timestamp,amount,user_id,location,device_type,is_fraud
a4eaca11-4ec9-468f-ab90-d0c2cdfa8db9,2025-06-20T23:28:31.704224,975.39,5450,NY,tablet,0
b86d9b09-229e-402a-ae57-5efc59edb723,2025-06-20T23:28:31.716245,449.88,7740,NY,mobile,0
c6a32dcd-ecbe-4957-acb3-302c7519dab3,2025-06-20T23:28:31.727677,189.35,2558,TX,desktop,0
c24b94b1-5cd5-4739-90f9-6ae57aa36e75,2025-06-20T23:28:31.740209,534.44,4501,FL,mobile,0
fca97e39-58cb-45e2-a8f6-36fcb5a0af6d,2025-06-20T23:28:31.751376,116.29,6862,TX,desktop,0
ef35a6da-ed16-4739-a462-2134a2189bc2,2025-06-20T23:28:31.763916,326.87,7592,CA,desktop,0
e2aca890-9539-4556-b172-41c4b8ef1417,2025-06-20T23:28:31.775193,631.68,2716,TX,mobile,0
509bb297-d833-40b8-a040-c19c2994eebc,2025-06-20T23:28:31.785257,949.87,2309,NY,mobile,0
fb668c76-ff97-4409-a754-44e7c7b0c9a6,2025-06-20T23:28:31.797803,458.71,3466,CA,tablet,0
d19b02df-f7eb-4b31-94e1-fc718510e598,2025-06-20T23:28:31.810341,143.29,4468,FL,tablet,0
7a4e4d2d-e31c-4a69-a513-38fee3b7dee2,2025-06-20T23:28:31.822876,778.48,5350,TX,tablet,0
121f7d52-dc2a-4012-a022-b78953b5d617,2025-06-20T23:28:31.835521,288.69,5283,CA,mobile,0
c740c97b-a1a5-44db-ac0c-8fe74d5864b1,2025-06-20T23:28:31.848172,632.65,5924,NY,mobile,0
ac581c96-65bb-4b37-a038-f55699e5d31b,2025-06-20T23:28:31.859727,570.89,4851,TX,mobile,0
19799ee1-3b37-402b-b885-648ac009b447,2025-06-20T23:28:31.869981,454.17,6026,WA,mobile,0
4b716e6a-e178-4b9b-b795-371b1cac4c0b,2025-06-20T23:28:31.881115,713.7,1551,FL,mobile,0
af63064b-68ad-4df6-8639-ab1d84f4e04f,2025-06-20T23:28:31.891535,232.23,7800,NY,desktop,0
83da6ce3-05c5-4729-aa68-2fb27c5e90a2,2025-06-20T23:28:31.904158,363.93,4072,WA,mobile,0
ec108ad9-89ac-47f5-abb1-1a6fc4f3f041,2025-06-20T23:28:31.915089,13.76,6595,FL,tablet,0
b6e0ff5a-b3dd-49d5-b29d-5b18e02f8dd5,2025-06-20T23:28:31.927731,62.66,3412,FL,tablet,0
df47c28b-be9d-44ff-a46a-a2b5bb55923f,2025-06-20T23:28:31.938786,816.61,7996,CA,desktop,0
75bf2767-70ba-4168-b10c-c62044839e8f,2025-06-20T23:28:31.949439,552.16,1330,CA,tablet,0
21d1bbea-0efa-443e-8da9-fa5aabbbcf5d,2025-06-20T23:28:31.962072,432.38,4337,NY,tablet,0
59e7fc1b-da41-4685-8d7a-dbf7c5e175b8,2025-06-20T23:28:31.973294,729.3,9074,NY,desktop,0
df77302d-a97f-4f18-8edb-a1722f09feac,2025-06-20T23:28:31.985907,151.52,3983,CA,tablet,0
d855ddd3-979e-461d-b02a-0794e0b30dd0,2025-06-20T23:28:31.997754,895.49,1366,CA,mobile,0
0b131044-eb00-4981-8925-2f59093f8fc5,2025-06-20T23:28:32.010347,812.46,8334,FL,tablet,0
71fad6d6-c764-42c7-9589-5e1e8b075d20,2025-06-20T23:28:32.021224,335.41,9404,FL,mobile,0
ed86e726-a682-485a-ab26-98b83ff6b09c,2025-06-20T23:28:32.033798,111.31,8791,TX,mobile,0
73786a17-6fb0-40a8-b6f6-a7c0bbab2d11,2025-06-20T23:28:32.046356,910.83,3073,TX,tablet,0
24c58d76-b8df-4a61-8365-de9ac7cab120,2025-06-20T23:28:32.058920,71.62,8997,TX,tablet,0
20f19078-81a0-47d6-a2c5-b11c53df93db,2025-06-20T23:28:32.069917,394.1,8529,WA,tablet,0
22a9e9bf-b20f-4b4b-90a0-b1f5d0959e71,2025-06-20T23:28:32.082473,937.2,9215,TX,mobile,0
7418ab2b-38ec-461e-8415-f41c2471f554,2025-06-20T23:28:32.095003,317.04,3940,CA,tablet,0
3959dae5-5385-4f5e-a0ab-18fd0e588a5c,2025-06-20T23:28:32.105122,329.42,2355,TX,tablet,0
2316060c-4422-46a3-a4af-233f01fcd840,2025-06-20T23:28:32.117675,212.8,8958,NY,tablet,0
fa3e3d14-44f4-45e4-a084-e8f6bc4199d1,2025-06-20T23:28:32.128055,153.7,7247,FL,desktop,0
e87f9128-38fc-4131-8b64-d2eb3c744e92,2025-06-20T23:28:32.139876,58.53,5276,NY,desktop,0
be90c180-ee4f-4f78-b3d7-29f643047a70,2025-06-20T23:28:32.150774,319.06,3090,WA,mobile,0
2ba0aeb6-505f-4eae-9836-e784f0db91d8,2025-06-20T23:28:32.162119,12.08,5236,FL,mobile,0
62f5103d-aab6-4139-bad3-82a4c60a6cda,2025-06-20T23:28:32.174741,557.95,3586,NY,desktop,0
a40f0b24-10d7-4139-9d7a-4672197e0eee,2025-06-20T23:28:32.186520,859.08,9695,NY,desktop,0
3ad970a9-3fd0-481b-a1d5-de942b64afb7,2025-06-20T23:28:32.198728,343.9,9493,WA,mobile,0
92171d7d-9c9e-4ebc-bde2-bc123d4947f9,2025-06-20T23:28:32.209576,944.2,5253,TX,desktop,0
d53e571c-5841-49b2-9d3f-fe08d5112bb3,2025-06-20T23:28:32.221943,316.72,8930,NY,desktop,0
2867204c-0ba0-4c3b-824c-cbaaa4b3e989,2025-06-20T23:28:32.233128,515.23,6474,NY,tablet,0
ce1f7059-2dc8-4067-a2c4-fd33f40b45af,2025-06-20T23:28:32.243210,883.36,2901,NY,tablet,0
3b62ffb3-8d00-417f-86ac-36eaa805c1fd,2025-06-20T23:28:32.255782,857.51,8827,WA,desktop,0
2bc3a6d4-7dce-464b-9c6d-6c417ca14154,2025-06-20T23:28:32.266986,230.67,7185,WA,mobile,0
9c2e254f-9255-46c9-a226-6160b2648eee,2025-06-20T23:28:32.279547,671.94,3823,CA,tablet,0
af2d8bec-6836-4b0b-ba73-5a16002c2953,2025-06-20T23:28:32.292125,456.77,9103,TX,mobile,0
0815576a-1d1c-4139-8410-743d18929649,2025-06-20T23:28:32.304702,528.61,2960,FL,mobile,0
fc944a11-a4a6-4d44-ba3a-d9599a7d0004,2025-06-20T23:28:32.317371,608.14,4632,CA,tablet,0
62a98695-49a3-4f88-9d57-8a79e7f85ab4,2025-06-20T23:28:32.328352,983.49,4524,CA,mobile,0
f917072f-6dba-4f48-a41c-d45edd075e24,2025-06-20T23:28:32.340354,476.36,6366,NY,mobile,0
4c92dbe0-5c43-4143-9ee6-f82a68871a70,2025-06-20T23:28:32.353026,664.39,6494,WA,mobile,0
dc888d31-d756-4eac-b610-af138f03f8f1,2025-06-20T23:28:32.363334,863.33,6202,TX,tablet,0
3dee6f6c-617f-4750-9b57-d651f1f4f51d,2025-06-20T23:28:32.375953,699.35,7736,CA,desktop,0
16ff9471-846c-4e0f-8b68-3b949c228f6e,2025-06-20T23:28:32.387349,723.17,8935,FL,desktop,0
113955f7-2744-4131-8d17-ac7b88902308,2025-06-20T23:28:32.398944,456.22,5233,FL,tablet,0
0f2c60c6-b64d-4d75-aa1d-86266af754d6,2025-06-20T23:28:32.411547,694.11,3427,NY,tablet,0
3fb9b469-1afd-4eda-9f88-2c38c6c44aab,2025-06-20T23:28:32.422173,668.21,7080,TX,mobile,0
4c455165-4313-4e33-8d36-371c604b7b46,2025-06-20T23:28:32.434844,185.49,2140,WA,mobile,0
abc24b3d-67e9-414c-b01c-04df50e025e8,2025-06-20T23:28:32.447505,612.62,9401,FL,mobile,0
e3004228-9144-4ab1-a3ec-1a8b39e0ecc1,2025-06-20T23:28:32.459173,993.01,7478,FL,tablet,0
dc24d807-a8ae-4d5a-ab0b-45b86dbe6978,2025-06-20T23:28:32.471817,345.32,8956,CA,mobile,0
6d00b64f-4055-4799-9851-0de55ec01dd3,2025-06-20T23:28:32.483774,625.92,4246,WA,tablet,0
d2ab36c1-1df0-4931-a9d5-1724e8ca79a5,2025-06-20T23:28:32.495251,385.61,1968,WA,mobile,0
3693b0ac-af43-4ead-b732-c3db4cf981c4,2025-06-20T23:28:32.507928,194.77,4903,TX,tablet,0
1222f046-b26a-4d91-b50f-4e2b9c13f8f1,2025-06-20T23:28:32.519168,643.8,7878,FL,tablet,0
67586b35-4c88-4c01-b5da-0d518f94ca70,2025-06-20T23:28:32.530399,226.68,4492,TX,mobile,0
37068952-d689-4773-96a3-b77a4c31d1ae,2025-06-20T23:28:32.543061,792.25,8755,CA,mobile,0
94d6fb03-45dd-407e-a746-cadb757c8325,2025-06-20T23:28:32.555740,73.91,3606,FL,mobile,0
c1249f04-a4c2-4e17-85b0-72fa06ee8637,2025-06-20T23:28:32.568425,440.29,8207,WA,tablet,0
e17c7880-61dc-400d-bcd8-ebe878d76bec,2025-06-20T23:28:32.579647,205.11,5153,CA,tablet,0
644a557a-209d-4d53-909c-36541c0402d4,2025-06-20T23:28:32.592274,909.05,3207,TX,tablet,0
bc247e5c-f3ba-4435-9036-cdc4e3ce281b,2025-06-20T23:28:32.603916,326.57,4574,CA,desktop,0
31b3f52b-b522-47da-b1b7-9de9f1ee14e4,2025-06-20T23:28:32.616555,956.39,5293,NY,mobile,0
7f8062a6-0de6-4676-b2c6-1084096fec35,2025-06-20T23:28:32.629156,1.9,2716,CA,desktop,0
2a3a26f6-5cd3-49af-b4f9-27d31e7db342,2025-06-20T23:28:32.641080,886.53,1259,CA,mobile,0
195d51b5-4103-4414-a333-f1ba915912a8,2025-06-20T23:28:32.651277,981.22,1166,TX,tablet,0
f87bef63-ebbe-4c97-b762-1921e4b00f14,2025-06-20T23:28:32.662635,307.23,4838,WA,desktop,0
11dd2ad1-e61d-4cfa-9cbb-587accc5d93f,2025-06-20T23:28:32.675349,751.59,7210,TX,mobile,0
db486d23-7493-4e28-b775-888494f3d217,2025-06-20T23:28:32.687717,821.22,3226,NY,tablet,0
b8e088a1-0ffc-43da-9020-8eeded8a0f75,2025-06-20T23:28:32.698473,386.68,9063,TX,tablet,0
43511335-d67b-431e-80fd-bbb5cd5ced24,2025-06-20T23:28:32.710382,313.51,3191,FL,desktop,0
ac29ef31-b8ca-4e64-b3d8-1a59b4874c05,2025-06-20T23:28:32.721704,312.34,2729,CA,mobile,0
6ed22e44-aba7-47b8-ac0d-60237be8a351,2025-06-20T23:28:32.732659,703.91,3087,NY,desktop,0
51de5f05-c2bb-47a7-9cc5-88f438c37a1d,2025-06-20T23:28:32.745404,277.41,1658,TX,tablet,0
5a56fbd1-47de-400f-86da-d935b2c8c72f,2025-06-20T23:28:32.758176,352.32,2544,FL,mobile,0
167f283c-bb22-4724-8a9a-47c978d42cc8,2025-06-20T23:28:32.770239,680.89,5476,FL,desktop,0
088751a9-b132-472c-9784-732b86f4059d,2025-06-20T23:28:32.782924,478.77,8711,TX,tablet,0
931a4328-e020-419a-8f31-2f87d294f910,2025-06-20T23:28:32.795302,118.91,8911,FL,tablet,0
29ca4e97-f55a-4c29-8555-0e0a6dc2849f,2025-06-20T23:28:32.806699,286.0,1688,NY,mobile,0
cd91758c-e043-46e4-9e65-de5acea7b936,2025-06-20T23:28:32.819342,672.2,4261,CA,desktop,0
026d2d8c-2804-4000-a0da-5667c6f31792,2025-06-20T23:28:32.829732,734.13,7675,TX,tablet,0
e0f6a629-ec83-42c7-aff9-dd776f0830d3,2025-06-20T23:28:32.842357,217.48,2874,FL,mobile,0
09f8f91f-e500-4543-ab07-b325811c4ff0,2025-06-20T23:28:32.853798,180.75,3531,WA,mobile,0
5a2c4eb1-d222-42b0-8ca1-21faaeef3879,2025-06-20T23:28:32.865744,930.98,2359,WA,desktop,0
7b5607bd-93ed-4b5f-a2ab-6608d2400ab6,2025-06-20T23:28:32.878353,687.9,9544,CA,mobile,0
f5fd7cc4-5b35-42b6-be56-df8de864f0f8,2025-06-20T23:28:32.891016,22.17,9934,CA,mobile,0
16c3799c-7267-4fb1-b198-2e6b55798df4,2025-06-20T23:28:32.903439,295.65,4580,CA,tablet,0
c3336719-b8a3-4382-9da3-84043a7a01c2,2025-06-20T23:28:32.914129,407.54,5630,WA,desktop,0
698ecc03-5d92-468a-a61d-1cc768feb50d,2025-06-20T23:28:32.925201,99.71,2893,NY,desktop,0
11d017f6-68f6-4e56-a918-d71b098355ce,2025-06-20T23:28:32.937223,728.53,5974,WA,tablet,0
8b1d6dba-e5f9-474b-a8a3-ead7f7b48aed,2025-06-20T23:28:32.949986,797.97,3699,FL,mobile,0
839d22d0-0791-4406-afe7-e6d4e5510e91,2025-06-20T23:28:32.961889,522.64,4575,TX,desktop,0
d4e50a19-93cf-41e9-b5f2-e745fe1d73e5,2025-06-20T23:28:32.973823,137.55,8046,TX,mobile,0
f125e82a-8901-4245-b303-0ced317f0331,2025-06-20T23:28:32.984344,757.65,5250,FL,mobile,0
981220cd-dcaa-439d-a2ba-24527da6e82d,2025-06-20T23:28:32.996992,830.48,9733,NY,desktop,0
ad1b39a4-ff22-4f1d-8bc9-6d4f71b956a6,2025-06-20T23:28:33.007350,682.89,1697,TX,desktop,0
41197fd2-bb5b-40b6-a4cf-1c69068c077d,2025-06-20T23:28:33.019993,410.08,6481,FL,desktop,0
a54cc658-f017-4a26-a837-fa5e8c69459e,2025-06-20T23:28:33.032596,621.88,2619,TX,tablet,0
49c87df3-ef58-4dab-ad3f-36a387aad9e9,2025-06-20T23:28:33.045207,737.03,7078,CA,desktop,0
1b74bce1-ebaa-431d-8b5a-bc57f50bc762,2025-06-20T23:28:33.057824,130.71,1966,CA,tablet,0
2d80821b-add4-4df3-ae3b-cbbc505b3c6b,2025-06-20T23:28:33.070409,379.38,2059,WA,desktop,0
a84798ee-a07b-4883-be20-329c304ab6a0,2025-06-20T23:28:33.080906,472.74,7335,NY,desktop,0
2b525fc4-c3d0-42be-b414-c3a8e185438a,2025-06-20T23:28:33.093386,325.08,7098,CA,mobile,0
03b2f44c-8855-438d-9952-c7c8f4ed1395,2025-06-20T23:28:33.105921,118.97,5501,NY,mobile,0
a214a49d-35d3-4113-8f91-af5b0065bdd6,2025-06-20T23:28:33.116993,413.31,1120,WA,tablet,0
1fe82c85-8f13-43f5-9952-d3eb4223ff82,2025-06-20T23:28:33.128068,369.82,2175,CA,mobile,0
f57468cf-e967-4d19-9655-dfc86c3f4910,2025-06-20T23:28:33.140599,727.4,3542,WA,mobile,0
ef9cfd98-8112-4c2d-8b83-e9949f880e88,2025-06-20T23:28:33.153138,932.49,2863,WA,tablet,0
2850c260-fd60-4c29-8e94-d472b217961f,2025-06-20T23:28:33.163204,893.42,8221,WA,tablet,0
a9195dc4-306b-49e9-a38a-ac2ee1bd5e0f,2025-06-20T23:28:33.173416,455.5,7656,WA,tablet,0
c141485b-f71b-4660-a8d1-5d2379dec1b7,2025-06-20T23:28:33.183535,448.36,8986,TX,mobile,0
ca311db5-7844-4164-8715-770361d2a758,2025-06-20T23:28:33.194834,797.1,4521,TX,mobile,0
f7837012-6d5f-4d04-9afc-5aabf5e52d87,2025-06-20T23:28:33.207438,683.54,2093,WA,mobile,0
6df1cd49-c90f-4357-b92a-5559e30ade26,2025-06-20T23:28:33.219888,435.01,6317,TX,desktop,0
5c303265-d956-4372-b930-4f6a1dc1e466,2025-06-20T23:28:33.231512,170.77,5576,WA,desktop,0
2a988d99-9b88-4312-9501-9b13a433d2d6,2025-06-20T23:28:33.244080,313.25,1641,NY,desktop,0
ae494d1e-199b-47f0-8a28-143f636378f9,2025-06-20T23:28:33.256684,656.94,8482,FL,tablet,0
5d223fa7-f4f5-40dc-b7b4-071b47b1b26a,2025-06-20T23:28:33.267287,507.33,8921,WA,tablet,0
e4016fc0-48e9-4073-a6f0-82ed0df6e9d9,2025-06-20T23:28:33.279858,149.17,3365,WA,mobile,0
3e8bad9c-2f34-427d-a37b-7e005188e0eb,2025-06-20T23:28:33.292424,405.47,5801,WA,tablet,0
1b4c2819-3dca-4db6-8d9a-6f2adf57ffd8,2025-06-20T23:28:33.304986,751.39,4762,TX,tablet,0
7e5f3d6b-227b-4b10-ab83-8936ec1fa1cb,2025-06-20T23:28:33.317547,447.29,7582,FL,tablet,0
3c825683-8d6c-4cb5-ab5e-d231801491e7,2025-06-20T23:28:33.330192,8.04,1938,NY,tablet,0
45bf7953-2f13-4efd-9c77-eb5f1501611f,2025-06-20T23:28:33.341193,509.65,6583,FL,mobile,0
879dd7e0-565e-42d2-b106-49edadff85d4,2025-06-20T23:28:33.352080,845.23,8672,NY,tablet,0
2fa1d9e2-b9e2-4cf5-91e2-8e742bc22be1,2025-06-20T23:28:33.363495,176.05,1680,CA,mobile,0
f3084937-222c-4d22-850b-d3f20c2943c4,2025-06-20T23:28:33.376153,655.72,2149,TX,desktop,0
3d14ed75-09dd-4f70-8934-a8ffe99c33f2,2025-06-20T23:28:33.388816,521.71,5810,WA,desktop,0
be296ebe-3107-4172-bb90-9f2859a7c0ca,2025-06-20T23:28:33.401528,269.91,1923,FL,mobile,0
f3f1a4f1-0084-4514-9b16-88ff6fdfcae3,2025-06-20T23:28:33.414188,248.84,4381,WA,mobile,0
f771c41a-d0b7-499f-8660-9562e171ccf4,2025-06-20T23:28:33.426797,361.99,3615,FL,mobile,0
2ab022ee-8391-48fe-b25b-17e041a60067,2025-06-20T23:28:33.437239,799.16,5831,FL,mobile,0
3d06fd35-25c0-4ce1-9caf-81c676e550c6,2025-06-20T23:28:33.448922,335.32,2787,FL,mobile,0
d66bedc9-4222-4bfb-b391-d4c50d95fc67,2025-06-20T23:28:33.460764,287.51,3481,NY,mobile,0
684f48b1-e402-4f25-a0e8-0acc7098b4cd,2025-06-20T23:28:33.472199,811.71,4166,FL,mobile,0
fdb1ff10-c3d4-41c6-869a-1893af00195d,2025-06-20T23:28:33.483806,775.83,2248,FL,tablet,0
16af8892-04d6-4626-a947-fbae5a7a33da,2025-06-20T23:28:33.496436,564.77,6793,WA,tablet,0
a020c1e5-35db-4824-b38e-77670122d4a7,2025-06-20T23:28:33.509085,969.3,8624,TX,tablet,0
2e38a6af-0a2a-43dd-b384-c693852bc321,2025-06-20T23:28:33.521832,927.5,9627,FL,tablet,0
758642a4-815f-470f-8052-8c8a51a60d06,2025-06-20T23:28:33.533960,952.02,7778,TX,desktop,0
18b35efa-88bd-4742-876d-37dcce2d35f0,2025-06-20T23:28:33.546633,585.2,9533,NY,desktop,0
1076fd5f-f561-40e7-87ed-3cfa759e2b91,2025-06-20T23:28:33.559309,280.82,7848,FL,desktop,0
01440041-5c11-4ec8-a9a3-c346f11a1cce,2025-06-20T23:28:33.571894,998.32,5692,CA,mobile,0
93ea09d5-b508-436e-9236-90f7a4224944,2025-06-20T23:28:33.584519,126.87,6052,FL,desktop,0
4485cca5-751b-4176-8149-7cdbd708f112,2025-06-20T23:28:33.597140,657.48,1806,CA,desktop,0
0e951d2c-7a9b-46af-ba8f-c90cb4d85f0f,2025-06-20T23:28:33.609580,332.5,3665,FL,desktop,0
312a2eb8-c08f-4a4d-90fb-21e16cf76adf,2025-06-20T23:28:33.621243,509.29,7733,CA,tablet,0
4cb0b5c0-c7ae-43b8-9546-b84b1c78647d,2025-06-20T23:28:33.633866,725.23,7193,TX,desktop,0
8c20a980-1ac9-4b1a-bfd7-7c8081f1b969,2025-06-20T23:28:33.646181,381.47,6301,CA,mobile,0
63022675-197d-4778-90a6-f5d98bff8dc2,2025-06-20T23:28:33.656551,886.11,7784,TX,mobile,0
43774593-b3e2-41e4-a31d-9012d3a4e693,2025-06-20T23:28:33.667810,259.95,9892,NY,mobile,0
eee1291e-e2ba-4a5c-b8bb-a768631563c6,2025-06-20T23:28:33.678718,617.68,1647,NY,mobile,0
80f2b4b5-b068-4246-abc4-bbaec3869c1f,2025-06-20T23:28:33.691327,641.47,8415,CA,desktop,0
d5ad9eb8-f4b0-4ca9-bcd3-7dbb94e1e71c,2025-06-20T23:28:33.703927,964.45,4273,NY,mobile,0
70239c35-e449-44f7-a577-23f54afa56ed,2025-06-20T23:28:33.716565,767.69,7484,WA,tablet,0
107eda73-dd6f-402e-88c7-62b28208cc22,2025-06-20T23:28:33.728003,421.8,2293,NY,tablet,0
4014e1c7-47e1-4894-b30b-e2b48bba7aae,2025-06-20T23:28:33.740732,789.96,8319,FL,desktop,0
9434f01d-eba5-467d-b884-54ade9677c59,2025-06-20T23:28:33.753467,98.27,4296,CA,mobile,0
0841ea8a-f799-4368-ba86-61178c07153a,2025-06-20T23:28:33.765589,811.13,8449,NY,desktop,0
dec0ae25-28d7-47fc-be58-1afed61a15ff,2025-06-20T23:28:33.778269,453.07,4462,NY,tablet,0
7e2bfa50-1dad-4c9e-9225-f31d26ff87d2,2025-06-20T23:28:33.790921,311.02,3212,CA,tablet,0
f8065909-a283-42c3-b010-8cbe5077f50b,2025-06-20T23:28:33.803538,774.37,9036,TX,desktop,0
53c451e7-d7ce-452e-a913-e0709c78e226,2025-06-20T23:28:33.814234,125.69,5967,TX,mobile,0
02c52f63-4126-4d45-8a17-b549e07f90a3,2025-06-20T23:28:33.826916,646.56,6116,FL,tablet,0
1d6e1924-2a72-452d-b1e6-effcde166ff8,2025-06-20T23:28:33.839639,187.88,6133,FL,mobile,0
707c72a2-e381-4b5f-bc9a-1008fca1680e,2025-06-20T23:28:33.851033,716.32,8456,TX,mobile,0
2cd6506c-ffc6-4d18-bdbf-3597a362af85,2025-06-20T23:28:33.861296,633.49,9354,TX,tablet,0
43376235-1c44-4487-b016-21ee16587404,2025-06-20T23:28:33.872731,75.78,1637,TX,tablet,0
25200436-8b21-4be8-b0c6-d31c3484cabb,2025-06-20T23:28:33.883694,24.41,3275,WA,tablet,0
d827e50d-8316-4283-ab15-85bf1c26e543,2025-06-20T23:28:33.895934,990.01,7091,FL,mobile,0
289ef201-2cb6-442f-83c4-79a34587ebf6,2025-06-20T23:28:33.907582,362.38,4095,WA,mobile,0
b1eae08b-29f4-4910-ace6-86a2c85bbaf3,2025-06-20T23:28:33.920198,768.11,9635,CA,mobile,0
3de8d9e4-1b24-4e21-8ede-8d20db332e77,2025-06-20T23:28:33.932787,213.48,7472,FL,tablet,0
4cc49930-c9b1-4746-ac45-faba84c127f9,2025-06-20T23:28:33.945440,882.61,5328,FL,tablet,0
a84770a9-cea5-4253-8225-2ddef46c2a3f,2025-06-20T23:28:33.958156,429.8,5579,NY,desktop,0
c4d0e461-4f5f-48a0-a60d-af2c9c75dbfe,2025-06-20T23:28:33.970665,439.39,8089,TX,mobile,0
3138f6b2-bd40-4bc4-96e1-c2ae4a40a6ae,2025-06-20T23:28:33.982467,392.69,1103,TX,tablet,0
6b64d956-d09d-4fc0-a643-e787e571eddc,2025-06-20T23:28:33.992863,51.51,7042,FL,tablet,0
e8085118-b843-4995-ba1b-22ff47ba79df,2025-06-20T23:28:34.005565,172.64,8302,TX,tablet,0
db6b0939-326e-4da1-b586-8d3900d33045,2025-06-20T23:28:34.016164,153.63,7953,CA,desktop,0
391820df-5fdc-43ba-b745-4bc1dc1a47a9,2025-06-20T23:28:34.028823,858.9,5566,TX,tablet,0
d1ba7384-1407-407c-9431-b6b975292883,2025-06-20T23:28:34.041352,477.34,6539,FL,tablet,0
5478e336-cd24-4c65-bbf9-565b31d9165b,2025-06-20T23:28:34.053629,203.34,1728,TX,mobile,0
d49771fd-7fa6-41df-8f99-238dec19940e,2025-06-20T23:28:34.065283,960.85,4915,CA,desktop,0
49d85eb6-8a8a-41ba-95ae-7eb9c49b61cc,2025-06-20T23:28:34.077886,82.65,2300,TX,tablet,0
e96540ff-e1bc-4be6-a124-9e032a2ff93c,2025-06-20T23:28:34.090204,512.64,7358,FL,mobile,0
74a26c1a-af07-4bd8-9b27-d7fc6ccd1f88,2025-06-20T23:28:34.102757,573.32,4637,TX,tablet,0
51d36246-03df-4c8e-925a-010e576a797e,2025-06-20T23:28:34.115260,445.77,2644,WA,desktop,0
6bc31e91-95d7-49a0-b649-262208e2f773,2025-06-20T23:28:34.127919,331.13,4590,WA,tablet,0
5158f71f-b1d0-4cf6-be1d-154d9bd0ec14,2025-06-20T23:28:34.138521,985.93,4375,NY,desktop,1
d4deb878-ca5b-41ee-9e6a-451656b98210,2025-06-20T23:28:34.150396,993.03,8511,FL,tablet,0
6373a9b1-4866-46c0-986c-a99c6f0fd486,2025-06-20T23:28:34.163122,397.61,3480,TX,tablet,0
30d9a56f-cc18-4254-8a72-00d66c8222dc,2025-06-20T23:28:34.175810,302.21,2289,NY,mobile,0
c3f2e8c6-1d01-411e-9fbc-4f3b088ae4c6,2025-06-20T23:28:34.188230,602.55,1105,WA,desktop,0
a61cbdac-463c-4245-bab1-f32fc31aec4b,2025-06-20T23:28:34.199626,775.18,6227,WA,desktop,0
4836d2cf-42ba-4cf2-87f0-b49fd3bb8a3f,2025-06-20T23:28:34.211828,757.21,9526,TX,desktop,0
ce99f171-e907-475d-8ed7-9ac90ce1b08f,2025-06-20T23:28:34.224516,669.78,2683,NY,tablet,0
c18769ba-c08d-47d3-b8ee-9e39c65a2ab9,2025-06-20T23:28:34.235964,862.2,3742,NY,mobile,0
7f92cf57-f878-46a9-961e-1d6de54d9d2e,2025-06-20T23:28:34.247194,315.1,5753,FL,mobile,0
6791de28-b7fa-45fc-9649-73650eeacef9,2025-06-20T23:28:34.258334,413.97,5992,FL,tablet,0
356104a1-f804-4750-b697-cb56d2101a05,2025-06-20T23:28:34.270457,587.58,6619,TX,tablet,0
42bdd38d-01a9-46e5-b7b1-c1e7b15959bf,2025-06-20T23:28:34.280643,324.81,2048,WA,tablet,0
629abcc4-7095-49ab-85cc-7ff1ca9ae18a,2025-06-20T23:28:34.292601,230.35,5914,CA,tablet,0
7a0a421f-c45f-4e29-80ce-2d9e93ee0708,2025-06-20T23:28:34.304229,63.34,1593,WA,tablet,0
43ad9f78-62db-4275-b026-e62314a666e6,2025-06-20T23:28:34.316854,437.79,2782,WA,tablet,0
17d894b4-0912-4d8b-b683-9b5f46d75b87,2025-06-20T23:28:34.329119,916.53,8045,FL,desktop,0
04ab4c99-b383-49f7-ba9e-6cb7c61d0560,2025-06-20T23:28:34.341662,925.89,1393,FL,mobile,0
bfc42a98-6a84-4a30-8e23-945118c708ca,2025-06-20T23:28:34.354378,747.72,6725,FL,desktop,0
56046924-08a5-4022-9b23-d808e2b44b70,2025-06-20T23:28:34.365956,765.26,8820,CA,desktop,0
9b0ba72b-511f-41b4-9aa7-bd77b349e344,2025-06-20T23:28:34.378659,596.58,8195,FL,desktop,0
8f98bee1-d9e2-4702-8ee2-ee5abe41433d,2025-06-20T23:28:34.390958,837.69,7264,TX,mobile,0
17a6715e-8139-43bd-a5bd-757c3f9aeec4,2025-06-20T23:28:34.403658,263.36,7123,TX,desktop,0
6a1544f5-2249-4b85-893a-818f780b98e5,2025-06-20T23:28:34.416391,181.58,2372,NY,tablet,0
f450ab4c-5fe0-46f5-9cdb-cdb0bc97b6c3,2025-06-20T23:28:34.429066,213.11,3374,NY,mobile,0
0336fac0-7296-469d-9118-79704f00aef2,2025-06-20T23:28:34.441171,114.35,5061,FL,desktop,0
798a3c18-77ef-4f86-9198-1a8c8f3353fc,2025-06-20T23:28:34.452425,765.18,1409,NY,desktop,0
31c4671d-beae-40a6-95a2-5a9046d63da3,2025-06-20T23:28:34.465065,819.88,7269,NY,tablet,0
afcb2328-5f72-4fbe-9d27-1369f7f990a2,2025-06-20T23:28:34.475609,39.77,5028,WA,tablet,0
9cc20202-52d7-438e-8ee8-9b596e97a798,2025-06-20T23:28:34.488382,337.94,6421,TX,mobile,0
2f2a1b28-dd37-4706-8167-e1a5f21731c5,2025-06-20T23:28:34.499776,622.75,3304,FL,mobile,0
d7f2bae0-bd5c-4c74-8d7c-622079dacb55,2025-06-20T23:28:34.512425,857.92,1553,TX,tablet,0
542fd4ff-6be7-4ef9-9833-66753191f7ba,2025-06-20T23:28:34.525088,522.48,3546,CA,mobile,0
e829e1cf-a4e1-4a64-9239-29527d18dd7c,2025-06-20T23:28:34.536668,201.84,3077,NY,mobile,0
cf608549-cb10-46f4-836b-e29fa211434b,2025-06-20T23:28:34.549369,42.73,4583,NY,tablet,0
cc475bb8-8435-4d69-96f4-53bea072ee3e,2025-06-20T23:28:34.559972,188.82,3220,FL,mobile,0
676181cc-5699-4faa-8c7a-2c3fd0f02760,2025-06-20T23:28:34.572108,781.74,5588,NY,tablet,0
e23ef57c-a8b5-4439-9527-c5b4af67a228,2025-06-20T23:28:34.582648,11.0,6732,TX,desktop,0
7245b77a-69ec-457e-9b9d-d4ee09dbc979,2025-06-20T23:28:34.595348,496.94,1478,TX,mobile,1
545924b5-e354-4d2d-905a-cda9beef80fc,2025-06-20T23:28:34.607978,727.21,2112,WA,tablet,0
e4e8249b-09c3-48e9-a67f-e7d79196c7dd,2025-06-20T23:28:34.618832,719.39,8180,WA,desktop,0
0681a1a2-6b40-437a-9149-e0ae0cd337cb,2025-06-20T23:28:34.631471,744.13,9713,FL,tablet,0
c43a9112-b913-4c2e-a2b4-99df5f90cf19,2025-06-20T23:28:34.642238,571.86,9618,WA,mobile,0
8f8af25b-38cb-4a97-a02a-b5d290f7e3ce,2025-06-20T23:28:34.654710,822.43,1183,CA,tablet,0
9968057a-ad2d-49e4-85e7-b4c16d8a89e3,2025-06-20T23:28:34.667458,526.53,8025,TX,desktop,0
47c9833e-cacc-47d8-bea5-71ef2351cd6a,2025-06-20T23:28:34.678824,887.13,4848,CA,desktop,0
58650d5f-9d22-4af8-ad32-7a4d89f9804a,2025-06-20T23:28:34.689095,561.76,3028,WA,tablet,0
d3523e4b-fbe2-4bb6-8f34-12a82dfab289,2025-06-20T23:28:34.701717,778.82,6419,TX,tablet,0
52f46163-c103-49da-929e-16595df1b4b4,2025-06-20T23:28:34.714321,705.87,4213,FL,tablet,0
36bb4f53-d14b-4b16-93ef-f4e8e13447a9,2025-06-20T23:28:34.726867,353.38,1845,NY,desktop,0
9e68fd4c-537b-45fa-835e-cadd353e0c03,2025-06-20T23:28:34.737214,643.47,7516,WA,desktop,0
b81213cd-b30a-4747-8eb2-c0d45bfc8bf3,2025-06-20T23:28:34.749777,609.75,8917,FL,desktop,0
1f46727c-fc10-46ca-87e3-cb73afc7bee0,2025-06-20T23:28:34.761359,233.17,9884,WA,mobile,0
de63f572-615a-43a8-8c9b-eabfefa327b3,2025-06-20T23:28:34.774059,188.52,9741,TX,desktop,0
792b2a48-603a-4342-8186-df42204d03e1,2025-06-20T23:28:34.784787,927.05,9514,FL,tablet,0
12afc5f2-f20c-4ac4-aca9-9236d8656b76,2025-06-20T23:28:34.797522,958.83,4561,WA,desktop,0
7090d7e4-509f-497c-90b7-bd615562dcb8,2025-06-20T23:28:34.810207,227.66,2007,NY,desktop,0
a508933a-5bd2-44f1-b8d3-3f41c6aed999,2025-06-20T23:28:34.822497,863.52,2115,FL,tablet,0
4e93a692-f52b-4d54-85f5-aac5209e5e9f,2025-06-20T23:28:34.835171,508.21,3276,TX,mobile,0
edb3b794-4100-4d4f-8c9f-4025fcde0dfc,2025-06-20T23:28:34.847818,465.55,3410,WA,desktop,0
f5ed5a82-5aa3-48a1-a0dd-c43919312a27,2025-06-20T23:28:34.860489,657.71,8300,NY,mobile,0
bf7bdb73-24b7-4807-ad0e-f126721e7e31,2025-06-20T23:28:34.873106,683.71,1083,TX,mobile,0
5ffaa4b7-8c4e-42c2-892a-7bd2dc2161be,2025-06-20T23:28:34.884635,955.93,3289,FL,tablet,0
a09a6a24-7d39-41e9-bb1a-0c08da5ffde3,2025-06-20T23:28:34.895689,244.41,5524,FL,desktop,0
73dc174c-38ef-42c9-ad3f-efbc6397e573,2025-06-20T23:28:34.906685,913.07,3919,FL,desktop,0
f0eb7885-86ed-4b17-828e-708a5b3d8ad0,2025-06-20T23:28:34.916890,497.95,2910,FL,tablet,0
87211209-4455-4620-a98c-7da643ad550e,2025-06-20T23:28:34.929497,557.92,3343,FL,desktop,0
b89cc653-be78-4e55-9337-177ee34fbc2c,2025-06-20T23:28:34.942093,928.12,5440,NY,mobile,0
e7ace737-6b3e-44b0-93df-abb261a99213,2025-06-20T23:28:34.954696,284.13,5230,TX,tablet,0
afa4b5e8-c380-4cff-bc34-bae86b658d9a,2025-06-20T23:28:34.967509,644.2,5181,CA,desktop,0
08e8d5e7-6554-4165-82ed-cc2f957b4943,2025-06-20T23:28:34.978667,563.6,3233,FL,desktop,0
08882e0f-ed42-4ed1-a74b-1bdb284c77de,2025-06-20T23:28:34.990437,989.59,6028,FL,mobile,0
30827672-86b2-428b-a131-54ac4ac48193,2025-06-20T23:28:35.003255,269.35,4526,NY,tablet,0
8f6c7bad-1a70-4f19-9aa7-e5efbeff9d02,2025-06-20T23:28:35.016048,294.44,7156,FL,mobile,0
31d2db5c-6ebd-408c-9d61-a94cb02b070c,2025-06-20T23:28:35.028790,1.72,3115,CA,mobile,0
fde7196a-34fe-47a5-ab4e-a3998907f8b5,2025-06-20T23:28:35.040949,497.04,9466,TX,tablet,0
f39521bc-6afe-46cc-9947-2eb637c260a8,2025-06-20T23:28:35.053685,397.86,6262,TX,tablet,0
ae945fad-8697-449e-a4f3-8dcf9a4acc2e,2025-06-20T23:28:35.066403,146.94,3058,WA,desktop,0
7d51919b-69fb-46c9-941a-45f65828825d,2025-06-20T23:28:35.078342,491.3,3755,CA,tablet,0
171f8cda-5890-4e38-a85d-4fcd90106f63,2025-06-20T23:28:35.089017,910.15,5120,CA,desktop,0
d5a2095a-b5c5-4c17-add8-bf9aa4f3cc32,2025-06-20T23:28:35.101656,8.9,2427,CA,mobile,0
029e4d84-fb9e-40da-a66c-85ea6d3dedc0,2025-06-20T23:28:35.113336,185.28,9257,WA,desktop,0
91e5c6bf-8b64-45fd-8f39-b866a9e33158,2025-06-20T23:28:35.125970,801.61,5440,FL,tablet,0
61a9966a-a70e-4c0d-95a3-d1a5e89ebace,2025-06-20T23:28:35.138579,364.94,5858,WA,mobile,0
7e0a04ca-638a-4326-8291-ca9daf5e4c7c,2025-06-20T23:28:35.150345,318.65,5366,FL,desktop,0
98caee5e-c074-4b5f-89d3-314998855b36,2025-06-20T23:28:35.162960,540.54,6937,NY,tablet,0
c0b54786-c2dd-4dbf-9af5-f0fcf38c2c14,2025-06-20T23:28:35.175514,101.74,1381,FL,desktop,0
101c3073-8a41-4dab-9fb1-c938c9eee0f8,2025-06-20T23:28:35.187190,636.09,3142,CA,mobile,0
ba579534-40c5-445a-bf77-30e210d272cd,2025-06-20T23:28:35.198057,34.26,8583,NY,mobile,0
c066dcb3-602c-40f9-b894-439eb3b9e314,2025-06-20T23:28:35.208687,532.69,7941,WA,tablet,0
6f5396af-9536-4eb1-8ab7-63f21fced9b7,2025-06-20T23:28:35.221057,302.19,4990,WA,desktop,0
d9e1b870-d25a-44cf-b5fd-ca25360bd670,2025-06-20T23:28:35.233779,813.27,2067,NY,tablet,0
b508346a-eee8-4650-9feb-0280bfb5066f,2025-06-20T23:28:35.246598,172.27,2930,NY,desktop,0
799e2a7c-1731-4764-9c49-1b3b7410cd8f,2025-06-20T23:28:35.259338,937.45,9263,FL,desktop,0
021dca3b-c7ef-46d5-becd-4054082588a8,2025-06-20T23:28:35.269897,502.22,3099,TX,mobile,0
1cd59ea1-4771-4edd-be41-2b9a4aa05bd0,2025-06-20T23:28:35.282550,151.21,4839,CA,desktop,0
c64ffc0c-e356-4e81-bdf6-5ae4d4c5b7d9,2025-06-20T23:28:35.293378,754.98,4517,CA,tablet,0
70f1b097-2611-4a45-91e3-62f4ab773a85,2025-06-20T23:28:35.304117,959.71,6311,FL,desktop,0
5ca5c984-0770-4664-9589-b7320edd7d2b,2025-06-20T23:28:35.316730,81.04,9412,TX,mobile,0
fcc35f3f-fa49-4be1-afce-55068fb68160,2025-06-20T23:28:35.328075,188.01,4261,WA,mobile,0
e1b999c6-95c7-4afd-8f55-e72592081c41,2025-06-20T23:28:35.340676,907.08,5829,WA,tablet,0
a3fc119a-08a3-4373-b29f-5d8ecc24dc06,2025-06-20T23:28:35.353283,714.12,9200,NY,mobile,0
dfe2ff47-81e0-4324-9659-0a59896c9c32,2025-06-20T23:28:35.365893,316.19,2125,CA,mobile,1
2a1f8466-b479-45ba-a766-b1464a678bde,2025-06-20T23:28:35.378499,59.57,4214,WA,desktop,0
0ebd6b1c-4fc3-47ba-8149-ce5ec5918040,2025-06-20T23:28:35.390054,606.56,8333,TX,tablet,0
eefdfbf1-94a5-420e-8300-6def64d2f1b1,2025-06-20T23:28:35.400341,309.21,6577,FL,desktop,0
f33d7942-7cfa-4b20-810a-045081411474,2025-06-20T23:28:35.413010,959.42,1545,WA,tablet,0
e054b518-eae8-4ba5-b98e-2be223313eb7,2025-06-20T23:28:35.425038,903.57,7502,WA,tablet,0
73e5f0df-1f01-4012-a555-d1878acb6b8c,2025-06-20T23:28:35.435709,874.62,2819,NY,desktop,0
410b8e71-565b-4c19-a254-cca75e7b1f80,2025-06-20T23:28:35.448383,151.09,3466,WA,desktop,0
6eea0067-63d1-41f8-b1d3-5859abcad571,2025-06-20T23:28:35.459969,58.74,1052,TX,mobile,0
fa97f5cf-1495-43f9-9015-5cd47eb65d65,2025-06-20T23:28:35.471020,81.16,8817,FL,tablet,0
2f1aff1f-3834-411e-ae67-4848ccad771c,2025-06-20T23:28:35.483004,919.11,8535,CA,desktop,0
72ed3536-f1a4-4996-9e8a-62f7eb74f280,2025-06-20T23:28:35.495675,421.69,3085,NY,desktop,0
addc969d-befa-443d-9e91-526d471b2a17,2025-06-20T23:28:35.508318,993.91,4702,TX,tablet,0
848ba03a-6df1-4652-8fd7-3f49de531b3e,2025-06-20T23:28:35.520341,145.23,1425,TX,desktop,0
9bdfcab7-db5f-4574-82b3-ea706d7f5473,2025-06-20T23:28:35.532945,798.48,1712,WA,desktop,0
4ff8a3be-ae13-4d3b-82ed-ff1db4b6acbc,2025-06-20T23:28:35.545551,30.61,1585,WA,mobile,0
f32f647c-bf48-40a6-8397-abbcf846d9f2,2025-06-20T23:28:35.557310,44.98,2358,WA,desktop,0
a8913fba-3a4e-4c26-aff1-dd76c29eedd1,2025-06-20T23:28:35.568123,748.47,8903,WA,tablet,0
5a86033a-ccad-4c0d-b37d-b50884cfdb05,2025-06-20T23:28:35.580737,387.13,4897,WA,mobile,0
b01ff292-d0ee-42d5-a97e-279e9e346e97,2025-06-20T23:28:35.593333,490.85,6003,NY,desktop,0
308f9c42-b26c-44df-8343-44b82d184dc9,2025-06-20T23:28:35.605932,909.04,5761,CA,mobile,0
3aadf03c-bacc-4bcf-a7a2-49886e7cf2ee,2025-06-20T23:28:35.618369,597.88,6055,WA,mobile,0
f1fabd3c-60bb-4252-8c74-c087d6880597,2025-06-20T23:28:35.630829,105.21,6530,TX,tablet,0
5839f6ee-1fc6-460b-a6d7-d5bd269316aa,2025-06-20T23:28:35.643496,582.9,4315,CA,desktop,0
fdd634bb-3dad-46e4-a76b-26d395200a79,2025-06-20T23:28:35.656161,255.91,5907,FL,tablet,0
7abbd84c-ce3a-4e4d-b356-d089886a7105,2025-06-20T23:28:35.667052,614.44,3338,NY,mobile,0
bce5d5f8-d61a-4101-bbec-eb46e2061d0d,2025-06-20T23:28:35.679748,681.41,5341,WA,tablet,0
e74eed5a-bc5f-489d-818b-0f3e94cbf06c,2025-06-20T23:28:35.692488,904.9,9121,TX,mobile,0
373fd956-7cba-4a32-9b94-f83b8e8d2ef7,2025-06-20T23:28:35.705177,476.94,8351,NY,tablet,0
b1771af9-7d95-4be4-b9e4-7867cb4b9fe2,2025-06-20T23:28:35.717826,190.64,4762,CA,desktop,0
9efa1e51-2036-44ef-b86f-677c407ed70d,2025-06-20T23:28:35.728724,637.23,3657,TX,tablet,0
c4880c11-16f7-4ac1-8d55-5ce48f988fbc,2025-06-20T23:28:35.740063,942.65,9158,NY,mobile,0
5f5457e2-0988-4c3a-b65b-a71e1668f1a9,2025-06-20T23:28:35.750912,721.29,6551,CA,mobile,0
cc5e124f-b2a5-4950-84dc-ca300be24ac9,2025-06-20T23:28:35.763500,419.19,4982,TX,desktop,0
37e7fef2-d4e0-4ed5-994c-34a4309ad982,2025-06-20T23:28:35.776097,47.52,8537,FL,desktop,0
11edde23-b19c-46e1-8f65-14c20dc57f66,2025-06-20T23:28:35.788703,974.02,3412,NY,mobile,0
c662ebd4-d2ac-4de1-a123-2a91af02b4af,2025-06-20T23:28:35.801271,189.65,4585,WA,desktop,0
96c8dd06-ffc1-4f37-8775-1a2411bba722,2025-06-20T23:28:35.813871,409.25,8169,TX,mobile,0
8d1581e4-ea76-4d31-a460-635605e799b1,2025-06-20T23:28:35.826491,798.26,9517,CA,desktop,0
7140864f-6f91-454a-b025-5dad6b346b49,2025-06-20T23:28:35.839187,265.21,3918,TX,mobile,0
6539bd01-2f4a-4d4b-bf95-cd0433a551ec,2025-06-20T23:28:35.850889,1.58,4621,CA,tablet,0
924239eb-cdba-4e65-970b-95b1585f2ca4,2025-06-20T23:28:35.863371,94.51,1648,CA,desktop,0
a5bb69f1-9c7b-43a4-9d79-531462482f6c,2025-06-20T23:28:35.874310,209.2,7366,TX,desktop,0
cb9b5a09-bbf6-45ae-8d28-8e429b39e712,2025-06-20T23:28:35.886975,62.03,1349,NY,mobile,0
6a1a2939-641a-4bde-a828-b85b83b0aa03,2025-06-20T23:28:35.898189,628.09,2578,WA,mobile,0
5b3bd0dc-7ba2-45ed-aa6c-1a8969b8acd2,2025-06-20T23:28:35.909646,51.32,4231,CA,desktop,0
12d5b322-31cc-4a87-b5be-c6a485a4f6f2,2025-06-20T23:28:35.920187,382.54,7445,CA,mobile,0
4afa555c-e3aa-4ec5-a6c9-bde7f7275ec4,2025-06-20T23:28:35.932384,97.46,9977,TX,desktop,0
f5518140-901d-4ed6-b596-6fec44aae5e3,2025-06-20T23:28:35.945030,594.59,8634,CA,desktop,0
d72eed32-d12a-47a6-8e83-c7fc64647fc8,2025-06-20T23:28:35.956091,428.19,8450,TX,desktop,1
9b2c4eaf-1e03-4bb9-b086-bd4faaadbaf8,2025-06-20T23:28:35.967247,245.57,2111,WA,mobile,0
a8a3ef5d-a23e-4a38-b170-f394b7814e89,2025-06-20T23:28:35.977868,195.34,3325,FL,mobile,0
9abdf33e-b098-4e53-87e8-b27747f0213f,2025-06-20T23:28:35.988705,94.03,8787,NY,tablet,0
fe929ad5-252f-4b7f-a21f-2dc764c299de,2025-06-20T23:28:36.001349,152.62,5543,CA,desktop,0
4902ac25-d6b9-4457-9628-05f3b13a8ea4,2025-06-20T23:28:36.013350,973.35,9619,NY,desktop,0
df5ec8f8-bf8f-4a7a-9a43-0a827f3e1c90,2025-06-20T23:28:36.024785,16.51,3189,TX,mobile,0
6f1e25fa-3aff-424a-b33c-692f3646604e,2025-06-20T23:28:36.035045,53.38,7814,FL,tablet,0
3c3edee8-4009-4349-84f9-372db2c894cd,2025-06-20T23:28:36.047697,576.16,5919,NY,desktop,0
e6a99d47-ef09-4a73-9d0c-478ff9ad769e,2025-06-20T23:28:36.058624,50.0,7524,WA,mobile,0
42677676-2789-4a97-bf8c-8e174753a4ed,2025-06-20T23:28:36.069554,475.36,5892,TX,tablet,0
dc4f95df-4a2f-4ff7-b0fc-e778562a16a8,2025-06-20T23:28:36.080951,167.5,2090,NY,desktop,0
04cac931-a2d8-4f4d-840c-f0f07b89bbce,2025-06-20T23:28:36.093600,840.58,6028,WA,mobile,0
20d48cd8-a5de-499a-8559-60664fba8a8c,2025-06-20T23:28:36.106232,358.87,5616,NY,mobile,0
dd37a8c6-3ec9-4fc6-821d-baf8ab8a0e09,2025-06-20T23:28:36.118835,894.57,5893,WA,mobile,0
687aa96b-2c15-4aef-bd4c-8a02c4b8811c,2025-06-20T23:28:36.130684,689.18,4151,CA,mobile,0
4af07307-06fd-48d6-82cb-4d415b894863,2025-06-20T23:28:36.142288,688.5,2779,WA,mobile,0
c1db9af0-69c6-4f88-8adc-296d17bde4f3,2025-06-20T23:28:36.154987,26.47,5373,CA,desktop,0
a8aba659-14ae-4100-b09e-bb18727d1d6f,2025-06-20T23:28:36.167815,166.96,5011,CA,tablet,0
bc00477d-4f4d-4ad0-b265-aa4afb6a2ce6,2025-06-20T23:28:36.180257,305.95,6134,WA,tablet,0
780f8557-dfc3-44cd-b1c2-d4e08af37952,2025-06-20T23:28:36.192936,868.94,4336,FL,desktop,0
f5fa3279-6833-4d55-acac-e5318cd98f32,2025-06-20T23:28:36.203407,764.26,5562,FL,tablet,0
5118f9ec-4346-461f-96a8-b5546a62ebb8,2025-06-20T23:28:36.216096,14.18,6017,FL,tablet,0
29a6ee2b-6415-46fe-b54a-71ba5ad65788,2025-06-20T23:28:36.227615,415.13,2710,WA,mobile,0
3fd049f3-2393-4254-bd05-3ced3169f72c,2025-06-20T23:28:36.238450,822.88,3252,WA,tablet,0
3b4a42c5-afaf-41e1-aab3-0177d0b878cb,2025-06-20T23:28:36.250357,88.06,5975,TX,tablet,0
f07d7d29-b0ca-4309-b300-4eaee60ec9e3,2025-06-20T23:28:36.263033,88.55,2335,CA,desktop,0
a37d5ee7-4bc0-45fb-953f-473a73909d4c,2025-06-20T23:28:36.274320,220.88,2847,CA,mobile,0
fedd7016-58a0-4963-b3b6-caf4f989f951,2025-06-20T23:28:36.285654,857.87,4450,NY,tablet,0
0135c4f3-f93f-4170-826d-9e8b92fcb7ed,2025-06-20T23:28:36.296018,598.72,4949,CA,mobile,0
d6cd3eb8-cdd1-46ed-bc55-4090b8afc00f,2025-06-20T23:28:36.306552,683.81,7356,TX,tablet,0
f34eddf5-5603-44e1-96de-0c00ff3d73dd,2025-06-20T23:28:36.318330,240.2,6177,WA,desktop,0
a7de894d-fe0c-4b18-aa3a-4206249913fe,2025-06-20T23:28:36.331012,714.82,1711,WA,desktop,0
e522da22-1344-466e-8db3-f4b7d2bfaa2f,2025-06-20T23:28:36.343676,299.97,9270,NY,desktop,0
fa75dfaf-c340-4f97-8094-05d31d7cd6b4,2025-06-20T23:28:36.356229,167.75,4244,CA,tablet,0
191991ab-5817-44e6-9f32-62c0c68cccde,2025-06-20T23:28:36.368838,910.08,4608,NY,tablet,0
ec783c42-ae88-498a-84b9-507f60c1b917,2025-06-20T23:28:36.381475,55.98,3646,FL,desktop,0
97859d0b-8c5f-462a-8b7e-ad434e540418,2025-06-20T23:28:36.394104,94.13,1395,CA,mobile,0
d2b08865-ec7e-4100-961e-45556e19d417,2025-06-20T23:28:36.406183,371.37,8966,TX,mobile,0
2580219a-02bb-421e-8150-d75950f79e7b,2025-06-20T23:28:36.418215,403.8,3711,CA,desktop,0
da20c3d9-869a-49cd-893f-5d78a9607ade,2025-06-20T23:28:36.430811,982.91,6032,WA,tablet,0
f268bbec-84dd-488f-a6d0-1c402cf7054c,2025-06-20T23:28:36.442858,270.43,5195,NY,tablet,0
13eee825-be79-4eb1-9527-c263c0fc1d54,2025-06-20T23:28:36.453959,148.12,4676,TX,mobile,0
efc67aab-ecbe-40fd-b2ec-9fefb932895b,2025-06-20T23:28:36.466583,487.61,2920,NY,mobile,0
d55ee079-5a7c-4916-a341-74dd1f2720ba,2025-06-20T23:28:36.479239,122.95,1462,TX,desktop,0
6d4a671e-ebc8-4fbb-9023-d3916b1ced79,2025-06-20T23:28:36.490860,891.24,2231,TX,desktop,0
95317228-0005-44fa-886a-565128005340,2025-06-20T23:28:36.503588,147.13,7426,FL,desktop,0
c13ba13d-d0e0-4859-948c-f7a38d1d4185,2025-06-20T23:28:36.515029,176.55,7885,FL,mobile,0
0ea992bf-25bd-4aab-bafb-73bcaf6d301e,2025-06-20T23:28:36.527159,303.25,7239,NY,mobile,0
75002983-5ced-4d81-ad7b-d52431f90f37,2025-06-20T23:28:36.539817,664.61,5211,NY,mobile,0
b1bb98c0-452d-4009-b49b-f6d5db728d67,2025-06-20T23:28:36.552501,247.64,6039,FL,mobile,0
21588337-821c-424a-b1ec-48e9bd1a94d3,2025-06-20T23:28:36.564691,211.33,1953,WA,mobile,0
0cfdefb2-e50a-4cfd-bc9a-f7e1fd640914,2025-06-20T23:28:36.575585,696.58,1706,WA,desktop,0
fbf6f98c-ec5f-4ad0-887f-1a24d8b5173d,2025-06-20T23:28:36.588093,358.17,3174,TX,tablet,0
0a3d867c-1c6d-495e-854b-4e1593498987,2025-06-20T23:28:36.599545,825.53,4700,CA,tablet,0
451c22d0-f127-4f66-9fc8-f8480c04b946,2025-06-20T23:28:36.612570,321.87,5045,CA,tablet,0
edd7f79c-fca2-4c2c-8b8e-c4ffad3c20b8,2025-06-20T23:28:36.624058,340.2,1797,FL,mobile,0
493cf1f9-ac3c-4d81-81aa-5cf5b9937c48,2025-06-20T23:28:36.635805,563.86,4942,TX,mobile,0
806c41e3-782d-46ea-b303-57a858089b4e,2025-06-20T23:28:36.646692,825.5,5274,FL,tablet,0
7811de98-a33a-4fca-bcf5-fe6b6ac6d52a,2025-06-20T23:28:36.659311,972.46,4570,FL,desktop,0
fc4ea4f4-fac6-4111-ab25-d3e15b6b5f5f,2025-06-20T23:28:36.670221,812.01,7957,NY,tablet,0
9358454d-30dd-4bfc-b8f3-42b83e0c2cd0,2025-06-20T23:28:36.681660,868.16,6616,NY,mobile,0
0d31ee13-83be-41c1-ac98-359ea5e01bd7,2025-06-20T23:28:36.694273,933.83,9707,CA,desktop,0
9a3fc39d-9846-4dda-9d1e-cd24038d9b53,2025-06-20T23:28:36.706886,968.4,6784,WA,tablet,0
06236575-690a-42a1-af2b-5a7c797f0187,2025-06-20T23:28:36.719480,752.93,1698,WA,tablet,0
648d97ec-2d40-4ee0-a413-a577869badbd,2025-06-20T23:28:36.732078,544.14,3335,CA,tablet,0
b5ec507d-b968-434d-a967-5b5296e607d3,2025-06-20T23:28:36.744479,294.39,3542,WA,desktop,0
3d8bec96-8221-41c1-a348-a586f259cd54,2025-06-20T23:28:36.756560,740.72,1762,WA,tablet,0
4744cdae-7972-419c-996c-28dbcf2668f0,2025-06-20T23:28:36.769155,824.55,1212,CA,desktop,0
e92255c8-1c06-4052-9ef7-36d9a474e3d8,2025-06-20T23:28:36.780520,42.18,7012,FL,tablet,0
0184f303-2ae6-4659-8957-0fa1af211856,2025-06-20T23:28:36.792063,581.85,4318,NY,mobile,0
a4c10d96-2c94-4857-b6af-0c87bb4d65f9,2025-06-20T23:28:36.804356,519.57,5678,FL,tablet,0
6f682c98-f543-46d4-adfb-ae94794b879e,2025-06-20T23:28:36.815163,812.85,7979,TX,tablet,0
19c6928e-5f32-4621-9825-bc868c0dc781,2025-06-20T23:28:36.826151,945.84,2042,CA,tablet,0
bca4d20d-6908-4640-8f51-664d3f7d6b78,2025-06-20T23:28:36.838502,763.32,6068,CA,desktop,0
fdf66154-0933-476c-97ae-ee6d1c3fe64f,2025-06-20T23:28:36.851110,701.93,3335,TX,desktop,0
8c22eac0-d883-4f61-a7b5-cf5366dae906,2025-06-20T23:28:36.862014,739.74,5922,CA,tablet,0
4a259efa-5400-47a1-84c3-c0c35ade5e56,2025-06-20T23:28:36.872744,401.37,3013,NY,desktop,0
f9664a14-7255-4708-bc59-c1bfe17748a2,2025-06-20T23:28:36.885370,125.78,3480,TX,tablet,0
019325e5-fc12-41fc-bf7c-fd8198a32e74,2025-06-20T23:28:36.896548,658.42,3795,NY,tablet,0
3ec08dcd-af36-460d-b090-5a5a4b24d8da,2025-06-20T23:28:36.909122,259.65,7441,NY,desktop,0
c373f9a8-4a97-43f4-94be-184497f0a8fb,2025-06-20T23:28:36.921688,641.18,5593,NY,desktop,0
c4ff64f3-4928-4460-a5c6-9d5967b31a06,2025-06-20T23:28:36.933732,79.44,7852,WA,mobile,0
4985e915-dfc7-43d0-a755-6ef0490b4c59,2025-06-20T23:28:36.946096,489.86,4557,TX,mobile,0
73e3a940-f78f-4b17-b539-f691e51f28cf,2025-06-20T23:28:36.957384,873.88,9195,CA,desktop,0
be57e909-6d23-4a25-8d43-862320c9ad0f,2025-06-20T23:28:36.969399,3.92,8950,FL,mobile,0
b291ecc1-b846-4df9-9a0c-dee55a659fb8,2025-06-20T23:28:36.980794,361.14,7735,WA,mobile,0
e486c3a7-2dd2-443e-9f48-a07a27dfe35d,2025-06-20T23:28:36.992634,786.75,5091,NY,desktop,0
3332b2d4-919b-4f70-a312-0b675fc1342d,2025-06-20T23:28:37.002845,871.66,2824,TX,mobile,0
f74916f9-9dbb-4bcc-a3f5-a9a73bb959bb,2025-06-20T23:28:37.015020,877.63,6634,FL,mobile,0
0e42a236-192c-40d9-bfb0-d4cddd53d716,2025-06-20T23:28:37.027206,296.26,5833,NY,tablet,0
3e603c56-e3a4-4418-bfb9-b315383fddfd,2025-06-20T23:28:37.039873,393.43,3583,WA,tablet,0
10c9e436-2df6-4e9e-b4bd-19e651812ff3,2025-06-20T23:28:37.050685,981.15,4835,NY,mobile,0
764f6efe-9838-4a04-a8c4-2d7676fbc0cd,2025-06-20T23:28:37.063376,184.42,6275,FL,desktop,0
bfbbac71-68cb-4d13-a46c-3902e9d11142,2025-06-20T23:28:37.073831,562.85,6257,TX,tablet,0
78883a26-15af-4376-8be7-a63074fa97a1,2025-06-20T23:28:37.086428,558.72,1482,FL,tablet,0
b6e56d28-5a9b-4d27-a86f-43712d6cece3,2025-06-20T23:28:37.097297,117.8,8513,FL,tablet,0
4dfe3366-8367-4a5b-b199-b8ecf0059e40,2025-06-20T23:28:37.109061,28.53,8244,FL,desktop,0
f6acc911-e66e-4e10-ad2c-fba9a9644d77,2025-06-20T23:28:37.121868,964.83,3014,WA,mobile,0
fbb25553-4cae-4fba-b557-03912c9559ef,2025-06-20T23:28:37.132497,195.76,6183,WA,mobile,0
ac1fbf0b-9853-4787-8b40-a56d50b81648,2025-06-20T23:28:37.145214,22.9,3913,CA,desktop,0
c308ea95-01a0-4c7b-8c1c-86ce6a53b8f5,2025-06-20T23:28:37.157905,468.39,2870,NY,mobile,0
eb1c4be4-0044-4c49-8c01-7509aed248ac,2025-06-20T23:28:37.170189,694.75,7938,NY,desktop,0
a7498376-2319-4af5-b4cf-5e268cb46207,2025-06-20T23:28:37.182881,281.19,2329,TX,desktop,0
9df2cf7a-fef5-4a66-a569-fdf97cd2cb3f,2025-06-20T23:28:37.195196,619.86,5455,WA,desktop,0
f9a18203-2095-4dda-9630-8e9f64720ad1,2025-06-20T23:28:37.207902,227.11,8845,CA,desktop,0
84af5c85-cf59-443d-bb02-2fc61dfdfef5,2025-06-20T23:28:37.219302,605.08,8574,TX,tablet,0
cd78b825-db2a-4525-ba40-cf9f9a0b71ed,2025-06-20T23:28:37.231627,542.85,3601,NY,mobile,0
f46023a6-cdf3-49e6-b364-d604dba40222,2025-06-20T23:28:37.243422,257.52,6521,TX,desktop,0
544a361d-4378-4afb-ac48-37c488e5ced2,2025-06-20T23:28:37.254309,650.26,9688,FL,desktop,0
2332ff55-add6-4bd8-b703-471c47e20eb7,2025-06-20T23:28:37.266929,94.34,7736,FL,mobile,0
2cfeaf17-ca2e-477b-8779-538f6b1fd6a1,2025-06-20T23:28:37.279564,780.47,5353,WA,mobile,0
c687abf4-f577-4ae5-a90b-25c997528193,2025-06-20T23:28:37.291651,650.75,3906,NY,tablet,0
823c99a5-73dc-433f-8c36-f0b757c3909c,2025-06-20T23:28:37.304360,361.01,8824,CA,desktop,0
ca99ae6d-feda-45a3-b3ae-88f76359130f,2025-06-20T23:28:37.316291,470.79,7296,NY,mobile,0
a42842d3-5aa1-487e-9f1f-3a1fd30a1052,2025-06-20T23:28:37.328147,180.74,4981,WA,tablet,0
183c24fa-8ba0-4210-b478-34d61b1e580f,2025-06-20T23:28:37.340598,57.91,6859,FL,mobile,0
38026ff5-a8fd-49d5-8ce2-9831daa47f39,2025-06-20T23:28:37.352122,130.82,8698,FL,tablet,0
bce91a9e-fc14-4ddf-bec6-4a33df125c5f,2025-06-20T23:28:37.364772,64.72,9294,FL,mobile,0
9290b57e-28ba-4b7b-b07f-c8013f3d2d69,2025-06-20T23:28:37.376405,490.72,7452,NY,mobile,0
dd66c0cb-36cd-4f3e-8901-26df97689c9f,2025-06-20T23:28:37.389104,138.92,1573,FL,desktop,0
88bcacfb-a31f-4c6b-a29e-67dd7a495c9a,2025-06-20T23:28:37.400318,959.21,9088,NY,tablet,0
b4e1c632-8cd4-41de-9871-a25e5ce280e7,2025-06-20T23:28:37.412432,850.6,5485,WA,mobile,0
154d40fd-e51e-4a2d-aae1-2b4a3aafe75a,2025-06-20T23:28:37.425054,964.87,1669,FL,tablet,0
a9e60eec-e9c1-4f38-a8ae-0663f082382a,2025-06-20T23:28:37.437657,362.81,9443,WA,desktop,0
afb4966d-4033-4a2a-aa88-0419ec22af6a,2025-06-20T23:28:37.450427,864.52,8481,NY,tablet,0
b6183c06-996a-4a33-8d22-0328da96c0fb,2025-06-20T23:28:37.461481,296.34,7246,FL,tablet,0
7410e6d4-7817-49f1-beb6-a775667b1c4d,2025-06-20T23:28:37.473508,225.12,5704,FL,tablet,0
3843e22e-ee83-4fc1-96a8-fbd3ebbee2f0,2025-06-20T23:28:37.486121,112.46,1944,NY,mobile,0
edc3a282-2fca-46a6-902b-78803a59d41c,2025-06-20T23:28:37.498709,781.05,5488,FL,tablet,0
778f81f0-823f-4996-939e-4f139df1f6cc,2025-06-20T23:28:37.511312,865.38,8709,CA,tablet,0
fae556e2-016d-4dbe-87df-53d51c347819,2025-06-20T23:28:37.523961,891.08,4995,CA,mobile,0
b127f2cc-a621-40c0-a1eb-372165e3628e,2025-06-20T23:28:37.536627,238.18,9488,WA,desktop,0
30139043-f46f-46cd-ad0f-3bd4df6d5c51,2025-06-20T23:28:37.548035,22.45,5798,CA,mobile,0
2f668e53-b527-43e3-8e5a-0ae8638a7790,2025-06-20T23:28:37.560642,888.05,1187,FL,tablet,0
77314c6b-eb1e-4f8c-a7d9-b85d94f75cfe,2025-06-20T23:28:37.573039,397.04,9398,FL,mobile,0
51f6335b-caa0-468c-bd24-e4b701fd7c4b,2025-06-20T23:28:37.583640,462.72,7016,FL,tablet,0
5186394a-aad7-4722-9eb8-09fe9b68d369,2025-06-20T23:28:37.596180,806.18,1943,CA,desktop,0
e1255eb1-8d34-4f0a-8c6e-07105082c8c1,2025-06-20T23:28:37.606843,994.68,1023,TX,mobile,0
f6cc5abc-4581-47e9-a2f7-946d1e042f45,2025-06-20T23:28:37.619387,910.3,9887,FL,desktop,0
49feb8f7-1726-46ce-bd15-3893b2237cdf,2025-06-20T23:28:37.631959,946.99,9655,WA,tablet,0
bd7ea9d8-2ff5-486f-b16a-b4c5a75a971b,2025-06-20T23:28:37.642502,308.34,8714,NY,tablet,0
3de13e59-b88f-4755-8c41-094bd4a471e4,2025-06-20T23:28:37.655074,202.15,6014,NY,desktop,0
b8dcede4-5f97-4a59-9f92-f4bcf4c65e5d,2025-06-20T23:28:37.667686,785.71,1198,NY,tablet,0
b23dc5ce-0d89-4274-aa2e-6cacf67bbc5f,2025-06-20T23:28:37.680297,516.31,8044,WA,tablet,0
d57d9fe2-010f-4357-a2c6-97fd781173a8,2025-06-20T23:28:37.692897,792.72,4189,WA,mobile,0
57640f01-6360-49d1-a720-dfe32b65134d,2025-06-20T23:28:37.703299,884.09,5924,WA,desktop,0
375bffd2-d058-44b9-b2a1-61f6bba8f129,2025-06-20T23:28:37.715871,21.93,7010,FL,mobile,0
57cf8a43-5354-4497-8728-4f6c8ddc5f29,2025-06-20T23:28:37.728086,936.09,3485,TX,mobile,0
fef51402-54b1-41da-b69e-6df63c17ac29,2025-06-20T23:28:37.738918,843.36,3436,NY,mobile,1
213229df-7bd4-4731-bf7d-d4124b736881,2025-06-20T23:28:37.749454,924.96,7129,WA,tablet,0
d525e4b2-23a8-41ce-91de-650b59fd767e,2025-06-20T23:28:37.760305,387.25,4127,FL,tablet,0
a2ad229e-c71f-4d48-9566-4eab3dfa7c41,2025-06-20T23:28:37.771001,837.06,1417,WA,mobile,0
b74fa65c-22d6-4f3e-a8d3-add36016e41b,2025-06-20T23:28:37.783679,306.98,7529,NY,desktop,0
a1fc3bbc-77a7-4995-90b0-cfe824963c01,2025-06-20T23:28:37.796019,758.84,9755,FL,mobile,0
ccb71889-bd6e-4490-90c6-cdd0b1f5e00b,2025-06-20T23:28:37.808622,48.39,2921,FL,tablet,0
8246d424-650c-40a5-b60e-1d46b1bb1510,2025-06-20T23:28:37.821235,243.56,4607,WA,mobile,0
ee5a998f-2c82-4937-b438-11d5ef843cff,2025-06-20T23:28:37.832119,802.32,7171,NY,mobile,0
875de8f3-207f-4eca-8b6e-c40eb730582f,2025-06-20T23:28:37.844458,174.4,7334,CA,tablet,0
dbf0b6b5-df24-45f9-b2a1-d47294d12320,2025-06-20T23:28:37.857063,721.51,7536,FL,tablet,0
dbaf74ec-d40e-4ea2-b3bf-ebff75f93905,2025-06-20T23:28:37.869668,932.96,3551,NY,tablet,0
00952265-82ef-458c-b9f5-29234411c2d6,2025-06-20T23:28:37.881480,135.3,8030,NY,mobile,0
78d20f8f-216c-4c76-adc5-e35a93de9df6,2025-06-20T23:28:37.894096,690.71,4195,FL,tablet,0
141da7c9-c565-4810-a2ee-c169d60da12a,2025-06-20T23:28:37.906743,282.3,5951,NY,mobile,0
c53f6e16-3d35-48fe-aa2b-2f49d8b27a66,2025-06-20T23:28:37.919064,557.48,4986,FL,mobile,0
d2c0d945-3c53-47b2-b150-62dc565d8b06,2025-06-20T23:28:37.929128,281.21,7504,TX,desktop,0
42bd77ef-4ff0-4e72-a58e-a66989911ac8,2025-06-20T23:28:37.941117,64.43,9338,CA,desktop,0
7c566905-26ab-4a90-8af0-37b5f4cffffb,2025-06-20T23:28:37.952329,921.49,6462,TX,tablet,0
ca2aec1f-4be5-4360-a3a2-41189ca0f241,2025-06-20T23:28:37.964854,652.0,7853,TX,desktop,0
7d504cf5-d6a5-43e8-8321-5ff90672fa96,2025-06-20T23:28:37.976601,312.55,4590,FL,tablet,0
facb6203-f168-4105-a5ab-e74d1bebf287,2025-06-20T23:28:37.988368,193.1,9946,FL,tablet,0
e26cf29e-f2c3-42dc-8d1e-8203f33dcb96,2025-06-20T23:28:38.000917,14.3,4026,TX,tablet,0
3a3399f7-1eaa-49c2-9ab3-c761718cb64e,2025-06-20T23:28:38.012570,893.33,1954,WA,desktop,0
b3d03544-4742-4c7b-8bbc-7b53ba727957,2025-06-20T23:28:38.025110,953.8,1745,CA,mobile,0
7edf9a57-39dd-4efd-b9a5-4132e79c2da8,2025-06-20T23:28:38.036607,483.76,4090,WA,tablet,0
28f84bf8-2057-41d5-8358-9dddc5f47654,2025-06-20T23:28:38.047686,790.52,2674,NY,desktop,0
2549f784-14a2-470a-91a1-a2028a0734d8,2025-06-20T23:28:38.059704,482.7,5565,CA,mobile,0
ee38cece-4f63-420b-a3af-16937a944ed6,2025-06-20T23:28:38.071280,650.83,3835,FL,tablet,0
aef552e7-93da-4415-9d4e-f2cb97487caf,2025-06-20T23:28:38.083905,786.54,4506,CA,mobile,0
a21969e6-e477-4c9e-85df-4c5f3923cc67,2025-06-20T23:28:38.095156,394.6,3240,TX,tablet,0
63abda0e-385d-4bb9-85ca-b51ac0aee691,2025-06-20T23:28:38.105754,961.81,9515,TX,mobile,0
11b27e65-ebb3-4e07-87a6-4c4da8ff28fd,2025-06-20T23:28:38.116636,605.39,4465,FL,desktop,0
4d61765a-4e35-4789-ba8b-8a03aff447b0,2025-06-20T23:28:38.129297,801.2,9762,CA,tablet,0
c39d22e2-63cf-4e94-9591-e3d1efc2f8f5,2025-06-20T23:28:38.139826,514.71,1339,FL,mobile,0
7d5b1fb7-7483-40e4-80bd-933609ffeecc,2025-06-20T23:28:38.152444,193.51,8140,NY,tablet,0
74aaef31-07b4-43be-b5cf-9f6f14255c3d,2025-06-20T23:28:38.165006,211.8,2804,WA,tablet,0
2a8f2e45-ccca-4203-b0d6-143443bcb545,2025-06-20T23:28:38.176653,647.56,8073,CA,mobile,0
f1751df5-969c-43ec-9924-da736ed3b2d2,2025-06-20T23:28:38.189026,628.91,9585,FL,mobile,0
8e6623f4-f290-40cb-8197-e1fe18e421fb,2025-06-20T23:28:38.199811,405.5,7851,TX,mobile,0
b3c82228-71e2-4d2c-bbbf-372312b1e754,2025-06-20T23:28:38.211340,204.03,9417,FL,mobile,0
b1e0b641-bfcc-4f75-adb4-bd75b7701f63,2025-06-20T23:28:38.223990,782.95,1708,TX,desktop,0
dae0019d-45fe-4ebc-8125-c359af1b9c84,2025-06-20T23:28:38.236628,127.87,7061,CA,mobile,0
aec1d7a2-95b9-4836-8549-f50a35eb0749,2025-06-20T23:28:38.247703,327.08,9486,FL,mobile,0
6d9a1bbf-47c8-4d82-9fbf-c5783d278870,2025-06-20T23:28:38.260372,519.7,4843,TX,tablet,0
a4b8181f-566d-4a0a-ba92-f2082db4381a,2025-06-20T23:28:38.272757,307.78,5284,FL,desktop,0
ad76aa15-a854-43f2-a9fd-15a840028ca1,2025-06-20T23:28:38.283060,563.49,9875,FL,tablet,0
3c43923e-0560-440b-9392-4d42e87ef318,2025-06-20T23:28:38.295638,518.15,6294,TX,tablet,0
7c672364-31e7-4678-a655-bcd1729f6a47,2025-06-20T23:28:38.308272,249.45,3181,NY,tablet,0
41a89fe3-66aa-42d6-84c3-31ab6c991f43,2025-06-20T23:28:38.320914,594.08,5086,TX,desktop,0
327f7753-6272-490f-b9f2-3189dede4be0,2025-06-20T23:28:38.333631,510.49,1690,NY,desktop,0
2d77b129-7cad-44a0-b9ce-98daf2443743,2025-06-20T23:28:38.346249,24.97,6622,CA,mobile,0
25321bf4-ff1a-4cee-b196-2241ad60c28c,2025-06-20T23:28:38.358836,276.72,6400,NY,tablet,0
b5f0afb3-b393-4dc0-8a54-b73b63e6910a,2025-06-20T23:28:38.371482,709.21,5299,NY,mobile,0
4c4c9bad-6831-498a-b5a4-0b45b584dff5,2025-06-20T23:28:38.382599,668.73,4840,CA,desktop,0
474ea39a-dbef-49be-a7c0-2875a1daae85,2025-06-20T23:28:38.395266,69.05,5886,NY,tablet,0
88b21eab-d19a-42e1-aa78-213a96b694f8,2025-06-20T23:28:38.407323,666.13,9413,TX,desktop,0
12def779-7ec9-40de-9bc5-eefa5546dc81,2025-06-20T23:28:38.418434,617.24,1108,FL,desktop,0
65519916-e36b-467f-9aae-bffa24332845,2025-06-20T23:28:38.430035,616.15,5599,NY,mobile,0
e3089777-3f42-434a-982d-8816287cb1a2,2025-06-20T23:28:38.440243,899.26,7568,FL,mobile,0
7763f011-e020-422f-b0b9-62b171c7538b,2025-06-20T23:28:38.452602,474.18,3844,TX,tablet,1
8da9fe43-1a98-48d1-8dd4-144f5a059991,2025-06-20T23:28:38.465132,379.18,6001,CA,desktop,0
645f617f-442b-406d-97aa-87373ab8f36d,2025-06-20T23:28:38.477747,533.73,7695,TX,mobile,0
aa598b08-81ca-4f06-a205-b5ea29e6a833,2025-06-20T23:28:38.490288,607.51,2627,FL,tablet,0
099d5a10-23dd-477e-9da9-6c0450c2537f,2025-06-20T23:28:38.502919,813.19,6354,NY,mobile,0
53cedfb7-eaaa-4258-932a-0ab82de5d877,2025-06-20T23:28:38.513106,103.71,9173,NY,mobile,0
df9a8498-1d19-47c9-92e2-912fd94c9058,2025-06-20T23:28:38.524587,911.1,6825,TX,tablet,0
45298969-d8b2-4ab5-8fbe-171fb3417a44,2025-06-20T23:28:38.537208,124.09,9654,NY,mobile,0
c03f9363-482e-4e03-9783-edbb78ec7e2f,2025-06-20T23:28:38.549838,699.25,2545,TX,tablet,0
b8c8da88-a925-4de1-a992-41a36f30263a,2025-06-20T23:28:38.559990,956.27,3915,FL,tablet,0
cdbe9a99-0031-43af-996d-f75391782b47,2025-06-20T23:28:38.571876,540.23,2486,FL,mobile,0
c8e0c8b8-99fc-49b6-a940-ee6511ff3d2b,2025-06-20T23:28:38.583615,26.9,5065,TX,desktop,0
4caed7d3-8ae4-4c3b-a4bd-e328bf181018,2025-06-20T23:28:38.595868,907.65,8284,WA,tablet,0
fe6135fb-7e13-40a9-917f-55f66134c138,2025-06-20T23:28:38.608512,155.28,3833,FL,mobile,0
f587d51f-f00e-432d-8a70-081d783b8f04,2025-06-20T23:28:38.620767,913.84,1718,NY,mobile,0
f4c48672-686e-468c-a6b5-64bea4cb9d06,2025-06-20T23:28:38.633414,619.77,3215,NY,tablet,0
c950806d-fd7c-462e-8f4e-ab108559b384,2025-06-20T23:28:38.646136,723.78,3276,NY,desktop,0
02a4daf9-ebe4-4d41-86f4-7366fcf361c4,2025-06-20T23:28:38.658230,840.03,8006,FL,mobile,0
71a2e9ae-1b11-4f8f-bb4b-ae5e4b89b7e1,2025-06-20T23:28:38.668923,597.17,8719,NY,tablet,0
6f32b9c3-1cdb-4d1a-870b-d830ac2f93fe,2025-06-20T23:28:38.681748,311.64,3494,TX,mobile,0
e339a5c0-e7d3-40e2-ab56-00dc50762f9e,2025-06-20T23:28:38.693378,24.94,8579,TX,mobile,0
f42b8c29-509b-4597-bf2a-2db71ad87ce9,2025-06-20T23:28:38.705991,201.62,8485,TX,tablet,0
274829de-028f-4a69-b33a-d3a0a1e386fd,2025-06-20T23:28:38.717097,678.81,2657,WA,tablet,0
897ad293-4ff3-4639-b3cf-a9d908276b3f,2025-06-20T23:28:38.729776,697.44,6364,CA,mobile,1
7809bb6c-54b1-40fc-abb2-3a969eb57168,2025-06-20T23:28:38.742056,529.03,6771,WA,mobile,0
51a00e68-a5e0-4711-b666-2299aae82537,2025-06-20T23:28:38.753180,166.17,6302,FL,tablet,0
2d67eb84-09aa-4291-abe4-3fd1e1f6b3b3,2025-06-20T23:28:38.765761,818.18,1109,TX,tablet,0
64562592-c5d2-4b16-b5e5-8edb48b582d5,2025-06-20T23:28:38.778403,277.02,1186,FL,desktop,0
29ff04c9-5e0a-45d8-880f-cc56789954d9,2025-06-20T23:28:38.789014,984.99,2587,FL,desktop,0
22177b75-47b8-4bf8-853d-c924479210e6,2025-06-20T23:28:38.800290,499.63,8373,CA,tablet,0
304046bd-f5c6-42a2-ae77-64bd303cbf02,2025-06-20T23:28:38.813022,746.26,8697,WA,mobile,0
6093c5e6-e848-4c95-acde-df1c591529cb,2025-06-20T23:28:38.825706,314.0,4934,WA,desktop,0
d9d67128-43e9-4742-ab23-dac4b808dee7,2025-06-20T23:28:38.837906,941.21,1648,TX,tablet,0
49157d23-ff62-4710-adda-ce8e8cd77503,2025-06-20T23:28:38.850519,359.39,1122,CA,desktop,0
a129e02e-f83c-42c7-bd69-389d5077bac0,2025-06-20T23:28:38.862977,641.56,2232,NY,tablet,0
7a14e6a7-f89e-401d-8661-c34b2fea975d,2025-06-20T23:28:38.875565,471.36,7505,CA,desktop,0
b89613c6-b9b6-4161-903c-e97da35ff606,2025-06-20T23:28:38.888187,128.04,4897,NY,tablet,0
5d5c3f54-2069-42e2-872d-0607c986f176,2025-06-20T23:28:38.899649,39.26,7583,FL,mobile,0
26352232-30e7-44b7-88f2-23b6f5b37801,2025-06-20T23:28:38.911771,643.32,5955,CA,mobile,0
70fa5c99-6d7c-405f-b120-344623fc70dd,2025-06-20T23:28:38.924458,306.47,1548,WA,mobile,0
d8bb0bc3-0e08-47cd-9295-b14e18266356,2025-06-20T23:28:38.936200,688.39,6121,FL,mobile,0
f94817cf-88c1-4c6b-bf7d-633dd98d884b,2025-06-20T23:28:38.947798,953.11,7466,TX,tablet,0
0e2b8db2-7457-40c5-b7be-f41e415264aa,2025-06-20T23:28:38.960431,239.85,6779,NY,desktop,0
3e9be8b8-b6b6-4cfa-86ea-19199fa9ff0e,2025-06-20T23:28:38.972197,685.87,2982,FL,desktop,0
5e32263c-cd1b-4cd3-9140-938fdf1c36ca,2025-06-20T23:28:38.983206,299.27,6220,NY,mobile,0
50c5cf86-d0ba-4b3e-b4af-275f49be4d98,2025-06-20T23:28:38.995867,85.42,1652,WA,desktop,0
6a27add2-0e85-4791-994d-2acfa32cdefa,2025-06-20T23:28:39.008166,784.06,6944,CA,mobile,0
4ebeae30-e5cf-4055-9687-0b80201aae95,2025-06-20T23:28:39.018303,672.46,4594,CA,tablet,0
a8cffb0b-7130-4913-be91-5186f647ea20,2025-06-20T23:28:39.028702,882.29,6948,CA,mobile,0
90da8105-c3ed-47d1-b56c-5af2e56c6d1d,2025-06-20T23:28:39.039126,726.73,5680,NY,mobile,0
bfd048dd-cf6f-45c0-aec2-f27d34febc18,2025-06-20T23:28:39.051667,327.22,4153,CA,tablet,0
b3c15027-183a-4f2a-be60-e26c0d29ab0b,2025-06-20T23:28:39.064204,905.63,9851,CA,desktop,0
1b750ae7-5451-40b1-9113-0988e45e65fe,2025-06-20T23:28:39.076781,353.24,3969,FL,tablet,0
9607fdc9-d8b7-4006-8b0b-3ab2021e586f,2025-06-20T23:28:39.089327,720.76,5746,NY,mobile,0
ad6e11a2-2d30-4a80-b15d-7bce1b608f7a,2025-06-20T23:28:39.099742,171.21,8097,WA,desktop,0
af174ea3-3f64-4d38-9df4-acc864adf602,2025-06-20T23:28:39.110132,788.99,4047,FL,tablet,0
1c3d133e-f739-44e0-8262-3d083d5c26d3,2025-06-20T23:28:39.121326,796.75,1112,TX,tablet,0
23ddac78-cfed-46e8-8f6c-d13e900082d1,2025-06-20T23:28:39.134020,614.56,8975,TX,desktop,0
898633a3-881e-4ff4-a7ac-fd7a66a30012,2025-06-20T23:28:39.144745,289.57,6198,FL,desktop,0
abc5dc76-7766-4e83-b9ea-61f0419c4db4,2025-06-20T23:28:39.157366,782.22,4577,TX,mobile,0
ea85d4eb-3014-4193-aa78-3bc6ea8e4d09,2025-06-20T23:28:39.167661,674.3,8122,WA,desktop,0
dd91a4aa-34ed-41b3-a6e0-197b4c445b6a,2025-06-20T23:28:39.179330,477.28,3426,NY,desktop,0
df9e43e0-1ce7-42b3-bc49-cfad050968a9,2025-06-20T23:28:39.191982,539.29,3544,CA,tablet,0
e268c36c-8c4c-4014-909b-d83294b7136f,2025-06-20T23:28:39.204618,563.82,3313,FL,tablet,0
648db2e7-a71d-4d82-965a-9b6ba06d8207,2025-06-20T23:28:39.215204,257.17,6266,WA,mobile,0
fc7022cf-7afc-4890-8a65-09eac8198821,2025-06-20T23:28:39.227281,20.15,8710,NY,mobile,0
4f1f9192-956c-474d-8f53-f0f302ffad58,2025-06-20T23:28:39.239878,334.96,3729,NY,tablet,0
1e0e721c-6ac3-489d-b9e4-0d975de738ee,2025-06-20T23:28:39.252524,119.01,2626,FL,desktop,0
ac0520cb-14d8-43bd-bdd9-058066bc2362,2025-06-20T23:28:39.263855,32.11,6349,NY,mobile,0
d4af0d1f-ca19-40e7-a3b7-c22ce8095b1b,2025-06-20T23:28:39.276568,297.54,5724,CA,mobile,0
088dbd75-df02-482c-97e7-cb046df87216,2025-06-20T23:28:39.289248,151.13,5495,CA,desktop,0
2cb7a0b3-2ef6-4586-9d03-c5b2df3b2ccd,2025-06-20T23:28:39.301769,558.22,9759,NY,tablet,0
56331e3f-e569-49dc-8203-817798eed0bb,2025-06-20T23:28:39.312507,157.91,6081,TX,mobile,0
5981f3d8-251a-4179-abcc-3b5c3b80a3ca,2025-06-20T23:28:39.324890,625.49,7107,NY,mobile,0
520cc2cd-289b-4f42-8c7a-e8069e75390c,2025-06-20T23:28:39.337540,73.79,5675,NY,desktop,0
88eba325-e1a6-494d-8856-d34bb7b77f4a,2025-06-20T23:28:39.350142,684.58,6930,CA,desktop,0
400ee5be-94d2-4f75-8fb5-c7234317c258,2025-06-20T23:28:39.361832,196.44,1411,TX,desktop,1
e3f6386a-ec0a-48d9-9ed7-569f62002490,2025-06-20T23:28:39.372532,938.91,4331,TX,tablet,0
397ed912-d3cc-4799-80c9-8369f0b0fab7,2025-06-20T23:28:39.383346,38.29,6785,WA,desktop,1
28da4b01-7b61-462a-a01b-451e13e5bd1c,2025-06-20T23:28:39.393549,864.31,5914,FL,mobile,0
3494ed59-a0b3-4132-a277-3bd1d3e2c8e9,2025-06-20T23:28:39.406213,304.88,5722,WA,tablet,0
7f6d07cb-d5ce-4b22-b7da-b2b5b2bc2ee1,2025-06-20T23:28:39.418889,660.75,5546,WA,tablet,1
392eceb8-fb79-48c0-959b-15ae38b1fea7,2025-06-20T23:28:39.431614,642.02,8800,CA,tablet,0
febc8160-c0d2-467f-980f-b79908db8736,2025-06-20T23:28:39.444113,380.39,3836,FL,tablet,0
4e890845-6afa-46c8-b0f8-f00b2768e223,2025-06-20T23:28:39.456732,345.12,8537,NY,mobile,0
98c172ea-d116-4d27-a37f-cf854d366c6d,2025-06-20T23:28:39.468878,796.0,8357,TX,tablet,0
8e38bbb6-5d08-4aec-bbe6-f559d654191c,2025-06-20T23:28:39.481265,468.08,5296,NY,mobile,0
f1dd1d0e-199e-4143-b725-cfc5b5f99ca4,2025-06-20T23:28:39.493953,663.57,7638,FL,desktop,0
0fb9bebd-2fd7-4993-9c04-3fd2ffc60bde,2025-06-20T23:28:39.506647,265.25,2754,NY,desktop,0
6ecc0c48-ae6b-482a-a25c-ea102ff89079,2025-06-20T23:28:39.517587,277.21,9230,FL,mobile,0
e18623ec-f8a9-4e4d-9cc9-45f656f4796d,2025-06-20T23:28:39.527813,37.46,7676,CA,mobile,0
2008c5a4-2f4f-46cd-895a-561d25b557da,2025-06-20T23:28:39.540181,631.83,1690,CA,tablet,0
c9dfea45-b0b2-492b-8ace-a786d2ed2c10,2025-06-20T23:28:39.552455,11.07,5186,NY,desktop,0
8e23ec19-9c97-452d-b2a5-ac77895aeed7,2025-06-20T23:28:39.565106,75.75,3211,NY,mobile,0
fc284bc2-8596-43fd-826a-ad6c7406c96f,2025-06-20T23:28:39.577438,475.98,2605,NY,mobile,0
0272d5e0-6c25-4805-ac4a-6b4509d43bfa,2025-06-20T23:28:39.588922,719.68,7042,WA,desktop,0
82d05134-a0ca-4a79-8fd5-6545830cdc6a,2025-06-20T23:28:39.601528,253.79,6163,NY,tablet,0
ea2580d3-bda4-4bd3-93cb-d44e758eba00,2025-06-20T23:28:39.614107,388.6,5017,WA,desktop,0
d78efd0e-6ec2-4df9-9cc3-e58872c3932f,2025-06-20T23:28:39.626753,888.62,1331,TX,mobile,0
fbacb4f0-0368-417a-82fa-ffbe00f7577d,2025-06-20T23:28:39.639427,915.1,9969,FL,desktop,0
aff1fb3d-0894-411b-84a7-907f99dd3390,2025-06-20T23:28:39.651923,470.03,8149,TX,tablet,0
afd45827-468d-40e2-9bc6-45654f2c2df4,2025-06-20T23:28:39.664297,313.88,7621,NY,mobile,0
826ecafb-e1d0-4d21-bb94-6172f633dcf0,2025-06-20T23:28:39.675077,300.53,1864,WA,mobile,0
7038048b-98bd-4e43-b03a-d5e2021f91bf,2025-06-20T23:28:39.687040,214.89,2730,TX,mobile,0
3e38456f-b982-4a99-87b6-271f947363b8,2025-06-20T23:28:39.699727,117.92,8958,TX,desktop,0
d20cbc74-ce4e-429a-a708-1197915f58f7,2025-06-20T23:28:39.712416,389.94,5117,CA,tablet,0
1b803875-9b28-4b7b-82a3-3f5e556cc1cf,2025-06-20T23:28:39.723706,659.4,8861,NY,desktop,0
7aa6f395-e40c-4b7c-8f4e-f12c07ed524f,2025-06-20T23:28:39.735454,714.12,6250,FL,mobile,0
020b3002-04ad-4e98-89be-587060c317e8,2025-06-20T23:28:39.745821,16.81,3132,WA,tablet,1
904473ce-5f4a-48e5-8049-70980edc0e41,2025-06-20T23:28:39.758439,485.81,9993,WA,tablet,1
ea8e1cb3-c6bf-4c89-ad01-098dd5b363fa,2025-06-20T23:28:39.770490,73.87,8205,TX,tablet,0
aaa00614-56ac-4c6f-b74b-44313f2f8eda,2025-06-20T23:28:39.783150,954.48,7650,CA,mobile,0
a6308af2-6f4c-42f2-b836-2af021ac7617,2025-06-20T23:28:39.795822,871.43,7936,NY,mobile,0
23168350-b2d2-4bf5-ba92-ad95342f65f4,2025-06-20T23:28:39.808469,984.5,9683,WA,desktop,0
f1f8a5dc-fe5e-4891-a25e-56e675b7df8e,2025-06-20T23:28:39.820938,366.01,3787,FL,tablet,0
0eb1d1b7-cb6e-4fbd-8766-7a9d7f419920,2025-06-20T23:28:39.833600,689.37,1061,NY,tablet,0
3a958647-1cc0-4588-8314-4ad2f475b2a4,2025-06-20T23:28:39.844413,174.56,3318,WA,desktop,0
82bff91c-4ccd-4ee7-b494-63436ee65395,2025-06-20T23:28:39.856077,611.9,7806,NY,tablet,0
7f728379-4211-42b4-83eb-3d1ac62440a4,2025-06-20T23:28:39.868836,252.21,9968,CA,desktop,0
c50a1dd5-c7e5-4a48-9cdf-fe16fbabeb0b,2025-06-20T23:28:39.879887,639.94,5741,TX,tablet,0
41e304e4-614d-4ae7-821a-d1685b8f94ee,2025-06-20T23:28:39.892633,662.63,7931,TX,mobile,0
5e09d1fd-c98d-41f4-87e0-ad99dad89c2d,2025-06-20T23:28:39.905332,180.67,8952,CA,mobile,0
af834def-a31b-4f35-9d62-f03ecd68fbe0,2025-06-20T23:28:39.916406,356.23,1721,FL,desktop,0
02335d03-8c81-4496-8cb0-a23d410eb803,2025-06-20T23:28:39.929177,438.64,4692,NY,tablet,0
022d1cd0-35f6-4e8c-a313-d31deed05de6,2025-06-20T23:28:39.941840,63.29,6284,NY,mobile,0
144851c5-391b-4662-a3ae-b7ef49a8fdfd,2025-06-20T23:28:39.953994,691.16,7604,WA,mobile,0
76e059e9-abf7-47b9-adb9-fe6d575932c6,2025-06-20T23:28:39.966614,598.6,8493,CA,desktop,0
ae7ed054-e720-4ae3-82b3-ed3bf9bdfe30,2025-06-20T23:28:39.977977,573.3,2692,NY,mobile,0
db5ca214-f6d8-4a97-8348-b9e4220c3cac,2025-06-20T23:28:39.990587,339.22,9807,CA,mobile,0
014e25da-8c69-4681-aa54-e52eaf979d41,2025-06-20T23:28:40.003211,61.71,5463,NY,desktop,1
dd783dcd-5533-4708-9b13-59f5bbc99a3c,2025-06-20T23:28:40.015045,705.55,5969,WA,mobile,0
888cf563-e677-4173-a0b0-62fe72d1edfc,2025-06-20T23:28:40.027630,531.79,9808,FL,mobile,0
70230d22-3d04-49ab-a4b8-1401071a9fca,2025-06-20T23:28:40.040307,226.24,6420,CA,tablet,0
22eba57e-388d-4e7f-afbf-46566f504b71,2025-06-20T23:28:40.053065,45.15,9672,WA,tablet,1
33da731d-fe13-4aeb-83bb-6f9a842daebb,2025-06-20T23:28:40.064371,814.85,4637,NY,desktop,0
a86b9cbc-f78c-4700-aead-529c64400db6,2025-06-20T23:28:40.077069,490.73,4719,NY,tablet,0
f1ddea2d-5414-466d-911b-9ed4a9b6aa6b,2025-06-20T23:28:40.089734,967.94,7384,TX,tablet,0
71d16109-d642-4d45-813b-168ddf71d559,2025-06-20T23:28:40.102397,474.63,6255,NY,tablet,0
5c52f504-5a4a-40b5-93e9-a6e18b22c67d,2025-06-20T23:28:40.114029,709.85,4296,NY,mobile,0
6e7cce2f-d3f3-44c9-ba94-5d36b4924645,2025-06-20T23:28:40.124822,541.66,8114,TX,tablet,0
af809293-8c2d-4624-832a-b4a2ad560e60,2025-06-20T23:28:40.135707,583.87,3651,FL,desktop,0
2eb0f7fb-8fe7-47bd-9f20-65b67830c747,2025-06-20T23:28:40.147143,406.05,4491,NY,mobile,0
581ed0cc-8064-49a3-a67d-ea8edfb9ec40,2025-06-20T23:28:40.158134,474.51,9705,CA,tablet,0
2f986d95-1c7d-4c4e-b73b-632f87ff5ebc,2025-06-20T23:28:40.170684,599.84,3968,WA,mobile,0
42a3e81a-b31f-4010-8a81-90f608b2d7f3,2025-06-20T23:28:40.183274,966.63,4966,TX,mobile,0
926dca18-d887-4d0b-bb3c-81a8082d18ad,2025-06-20T23:28:40.193400,158.56,7129,WA,tablet,0
0ecc5084-10be-49d5-8bdc-67effbfd97d1,2025-06-20T23:28:40.206006,699.69,5227,NY,tablet,0
92917e02-dc72-4143-b27f-a1377d08bd7f,2025-06-20T23:28:40.218574,95.54,2873,CA,tablet,0
a1dd9d0a-b55b-4ece-a294-160af40d8b98,2025-06-20T23:28:40.230420,598.5,7368,TX,desktop,0
ed8fbcc5-d02b-40f7-b91a-7a5bcd354fe6,2025-06-20T23:28:40.241255,738.06,9137,WA,mobile,0
be42b9d3-aab6-4548-9977-eb8552e1e3b3,2025-06-20T23:28:40.252552,984.38,8980,CA,tablet,1
5c9b0bde-90be-4ddd-9a28-d48b0c69e2fc,2025-06-20T23:28:40.262794,38.89,7690,TX,tablet,0
7520339e-fbee-4657-912a-7caa874ea6e0,2025-06-20T23:28:40.275416,225.55,4228,TX,desktop,0
f165cc91-6e16-446a-8da8-6c91ec11ddc5,2025-06-20T23:28:40.287375,850.13,4758,WA,desktop,0
a18da550-13c0-40a1-a2a1-b98613b20df9,2025-06-20T23:28:40.299241,852.25,6615,NY,tablet,0
14bf3174-0df9-4de8-aee9-8c87beb9a341,2025-06-20T23:28:40.310972,95.8,4489,CA,mobile,0
b97b5e1b-8049-4452-bf9c-377bf402050e,2025-06-20T23:28:40.323640,37.09,8753,CA,mobile,0
a600c0b3-1a4d-4a18-bd2d-74e049c9b576,2025-06-20T23:28:40.336309,46.09,2508,TX,mobile,0
475e3abc-7bdb-4009-9477-183b2ae6955c,2025-06-20T23:28:40.348964,963.8,8949,CA,mobile,0
40b47b92-53dc-4e7e-819e-8e4d93ce4a85,2025-06-20T23:28:40.361599,569.76,2976,WA,tablet,0
2d4360cd-ec9d-41fb-8985-13eb8ded93f5,2025-06-20T23:28:40.374211,541.94,7343,CA,tablet,0
0a28d12e-bd37-4374-b327-3431bb0fe3d2,2025-06-20T23:28:40.386819,232.53,5979,TX,desktop,0
7054dabb-225e-4fbb-afd2-44f8f79b9bd6,2025-06-20T23:28:40.397189,570.95,6825,TX,desktop,0
467f9e84-c92d-4a6e-92ce-a0408574a7b0,2025-06-20T23:28:40.409844,70.13,7390,FL,mobile,0
3fb9f0a0-9381-431d-8775-708c24b7aa3b,2025-06-20T23:28:40.420363,18.85,5304,FL,desktop,0
b331fd7e-226a-4653-ba96-be314a9be052,2025-06-20T23:28:40.432492,10.67,5066,FL,desktop,0
905dcd8f-8498-4d2c-b34a-05769cbd76cb,2025-06-20T23:28:40.444615,667.59,7879,NY,desktop,0
9e5ae1db-fda9-437c-88d0-ad15b831d6fc,2025-06-20T23:28:40.457197,555.21,3313,FL,tablet,0
75ab90cd-254e-40d9-9225-07d9b709ed7d,2025-06-20T23:28:40.467512,265.48,9914,FL,mobile,0
661cd987-7927-44d3-8f8a-4299d180a3c5,2025-06-20T23:28:40.480243,461.04,8555,WA,desktop,0
85ad2c1e-592c-4c39-8547-217c73016c25,2025-06-20T23:28:40.491001,185.64,2951,CA,mobile,0
e0828011-80ec-4abe-8800-b3c78b6ff8a5,2025-06-20T23:28:40.503630,839.31,8857,WA,desktop,0
fd47e821-8c4b-4e49-a6e5-c287c0647ad0,2025-06-20T23:28:40.516323,431.02,2122,WA,tablet,0
8f22870f-0579-423f-8e0b-2eb206d06500,2025-06-20T23:28:40.528831,768.5,8472,WA,tablet,0
ae43f0bb-2e30-4889-9d76-503c1e655673,2025-06-20T23:28:40.540588,155.0,4862,CA,tablet,0
0eaa09b7-44f3-4a13-a7fc-47276d1f76b2,2025-06-20T23:28:40.552558,210.47,8693,WA,desktop,0
1e6283cb-c1f1-4c98-b9ff-a89e46efa3e5,2025-06-20T23:28:40.565722,694.38,3139,WA,tablet,0
abb3066a-c155-489b-8f57-ed7ac54ec855,2025-06-20T23:28:40.576420,155.99,3714,NY,desktop,0
68b86be4-076a-4873-8628-f40c0bfe96cd,2025-06-20T23:28:40.589035,819.62,1677,NY,tablet,0
c44e2193-d2d2-400d-bdfc-e171e92726a6,2025-06-20T23:28:40.600340,360.08,6399,CA,tablet,0
a7d6ed17-17a4-4073-abd4-dcfbeb57f793,2025-06-20T23:28:40.611047,453.08,6108,TX,desktop,0
f16b1520-5881-4613-a511-890d4bac8785,2025-06-20T23:28:40.621460,934.8,1143,NY,tablet,0
e97da834-da7a-478e-9b5c-53a7e9f742db,2025-06-20T23:28:40.634078,879.27,3831,WA,tablet,0
02a0953d-ab94-4aad-a1dd-71e993ab20e8,2025-06-20T23:28:40.646198,691.04,1473,TX,desktop,0
f02fe68e-c09c-41d3-8d5b-3163af1f0b44,2025-06-20T23:28:40.658141,854.46,4639,CA,desktop,0
38dad468-cffc-4280-bf23-5bc8af3ab756,2025-06-20T23:28:40.670758,82.56,9169,TX,desktop,0
a5ebc9ae-0b8c-467d-b03c-2e31b488d639,2025-06-20T23:28:40.683440,262.46,7280,WA,desktop,0
17f88477-9349-4f76-a291-7fba0f3c8b26,2025-06-20T23:28:40.694705,219.47,3556,NY,desktop,0
309972c5-9415-435b-9e45-7b9fbec148b8,2025-06-20T23:28:40.707426,440.17,9481,NY,desktop,1
77f2536e-2bac-4607-a8aa-80b619efe40b,2025-06-20T23:28:40.720141,444.66,9155,WA,desktop,0
a87ed4fd-7fdb-4097-9162-3aae1c8e8bff,2025-06-20T23:28:40.732563,432.06,7051,WA,desktop,0
76997d75-8588-4f0e-b7e4-ffac9175f1e3,2025-06-20T23:28:40.745190,251.21,3850,WA,mobile,0
7a500d7c-3759-4736-b55d-2c9a24b3510a,2025-06-20T23:28:40.757824,206.36,7010,FL,tablet,0
527034b2-dcd3-4675-9817-d25366e8e1b0,2025-06-20T23:28:40.770451,482.14,4401,CA,tablet,0
a468511d-c8d6-47aa-915b-84d8c5b224ff,2025-06-20T23:28:40.783080,171.81,7362,TX,mobile,0
995e8c94-eec4-4e1a-88d9-03ec91ffb2a1,2025-06-20T23:28:40.794957,179.3,4599,NY,desktop,0
f5d8241c-c726-40c2-a0e6-c1c87ca56104,2025-06-20T23:28:40.807574,261.42,6064,TX,mobile,0
537464f9-16dc-44ac-b258-0c25d1c5638b,2025-06-20T23:28:40.820221,592.87,9024,FL,tablet,0
b717cc2c-8517-4024-ac9d-40d288cebea0,2025-06-20T23:28:40.832865,293.36,1907,WA,tablet,0
bddac564-af19-4c85-a3e4-7d881cf297ea,2025-06-20T23:28:40.845492,105.72,7399,NY,desktop,0
c53e5e97-5978-4880-8f7a-c4ca20896bff,2025-06-20T23:28:40.856578,964.69,5835,WA,mobile,0
2549d86f-3f77-446f-91fd-b1859c4cb62e,2025-06-20T23:28:40.869206,494.91,9264,FL,desktop,0
8de0368f-6d2a-47c9-b401-01a1ec9af575,2025-06-20T23:28:40.880854,767.42,3615,CA,tablet,0
d313a03f-aead-4ef0-8783-783f19fe630f,2025-06-20T23:28:40.891131,20.71,8362,TX,desktop,0
0fc905b5-2096-4662-83b9-e0661a5a2f8a,2025-06-20T23:28:40.902681,309.9,7872,WA,desktop,0
4dd78546-43a9-4b1e-8a71-b0f14a3c239b,2025-06-20T23:28:40.915140,891.52,9135,NY,tablet,0
45a627f4-934d-4505-b71e-75a6dedf33eb,2025-06-20T23:28:40.926151,951.22,4624,TX,mobile,0
e816c9e3-b003-4ded-aa60-1a116fef135c,2025-06-20T23:28:40.937152,684.53,8260,CA,desktop,0
c0af8827-d7dd-43d2-8f25-1e08ab13d196,2025-06-20T23:28:40.949254,279.43,6712,CA,tablet,0
6b96dd2d-a54d-4847-98d6-8728a5fe7404,2025-06-20T23:28:40.960136,417.07,8871,WA,desktop,0
85050a28-712a-4db1-9f76-a3f286fc8c04,2025-06-20T23:28:40.972817,703.84,5509,WA,mobile,0
c0c03837-1b08-466f-ab6c-d170cc949379,2025-06-20T23:28:40.985468,985.06,9092,FL,desktop,0
9c5c579d-8ce7-435c-abfe-c489bae6bae2,2025-06-20T23:28:40.998178,348.79,5750,TX,desktop,0
89c31497-4b7b-4a62-920a-e4483eaf8d61,2025-06-20T23:28:41.008581,886.72,2021,CA,mobile,0
a7d83457-e74e-45dd-bcde-c757c8c1606d,2025-06-20T23:28:41.019765,948.59,1297,CA,desktop,0
9847b823-1935-4bf8-8b4e-853a0111b8ec,2025-06-20T23:28:41.032403,181.09,7082,CA,desktop,0
75da869c-ca58-423a-9a27-130f45715168,2025-06-20T23:28:41.045043,54.6,8044,CA,tablet,0
1da1bee7-e58e-41d0-b3a8-bd682576d291,2025-06-20T23:28:41.057672,116.04,1486,NY,tablet,0
de151d28-bbf1-4810-9b2f-74a89012414b,2025-06-20T23:28:41.070059,733.24,8907,NY,mobile,0
e3396cb4-2cd6-4ad9-9553-c4790e053450,2025-06-20T23:28:41.081376,428.51,1124,WA,desktop,0
8308677a-563d-4343-bdfa-2e37144c5fcc,2025-06-20T23:28:41.092965,278.12,2729,NY,mobile,0
78f33528-c3c4-42a7-9b02-3ac914d573d5,2025-06-20T23:28:41.105567,101.69,7758,FL,mobile,0
dbef3782-4c57-4849-b961-ce2c3bdf4d92,2025-06-20T23:28:41.119072,119.4,6694,CA,desktop,0
f38e5cbb-58bb-4e4f-85b9-4d33e587b3aa,2025-06-20T23:28:41.130868,436.81,7277,FL,mobile,0
a6392b2a-bd13-4837-8cc5-efd5a8967dcc,2025-06-20T23:28:41.141582,254.98,2139,TX,desktop,0
20f5ed11-fd01-409d-acc3-0c1a2675d20c,2025-06-20T23:28:41.154265,510.57,4762,FL,mobile,0
d7b6cb76-cabc-4c29-972f-4ce7b4b3e440,2025-06-20T23:28:41.166951,319.7,2049,NY,mobile,1
c013b44e-30cd-4c63-97f1-78270c87eb41,2025-06-20T23:28:41.179642,678.5,1187,CA,tablet,0
20e092a3-0a00-4fa3-b04d-4d213a569268,2025-06-20T23:28:41.190453,541.14,4057,NY,mobile,0
6d876162-9023-4569-991a-cd8e38dd0935,2025-06-20T23:28:41.203141,636.81,8994,NY,desktop,0
87aa1073-07fa-48f1-a9e1-23cb8e444ebb,2025-06-20T23:28:41.215870,277.65,3391,WA,mobile,0
b187a687-606d-40e8-81f9-9d4a016aa972,2025-06-20T23:28:41.228538,388.33,6411,TX,desktop,0
28d9ecf4-ceea-479e-bc1b-2430dd1e3d08,2025-06-20T23:28:41.241184,472.35,4742,NY,tablet,0
d1a4b0ce-c1fd-4a13-b508-5fd263b80f74,2025-06-20T23:28:41.253810,588.47,6426,CA,tablet,0
1eacf3e5-0670-4870-85cb-3c58bb735e3c,2025-06-20T23:28:41.264727,799.4,1157,WA,tablet,0
9507371e-6ba1-41a2-b2b0-670f690a98ad,2025-06-20T23:28:41.277340,91.07,2153,TX,mobile,0
c6f62f6d-d956-44cc-8e54-9cb558134b0a,2025-06-20T23:28:41.289933,718.99,7092,TX,mobile,0
d2054b8c-8bd2-43ea-a787-42c48e9df7e2,2025-06-20T23:28:41.301541,784.25,3706,WA,mobile,0
0633c370-72cd-44fa-984d-e451da556778,2025-06-20T23:28:41.312249,39.86,2750,WA,mobile,0
44851211-2894-45b0-81f3-b16964f0254b,2025-06-20T23:28:41.324870,377.91,5686,WA,mobile,0
f2bcdfb7-e4f4-4eda-9f9e-f226eb0ccf3d,2025-06-20T23:28:41.337522,157.68,6319,FL,mobile,0
2244a941-d814-4c7f-8698-8a80519f68fd,2025-06-20T23:28:41.349272,299.66,2323,WA,tablet,0
2091f99a-c233-44f5-9a88-a52e1c234c55,2025-06-20T23:28:41.361948,103.05,2546,FL,tablet,0
1ed07fba-9a3c-41fb-b496-829439c937b8,2025-06-20T23:28:41.374250,354.54,8176,FL,tablet,0
6067d925-5dd6-4cf6-8c34-006f20e3826a,2025-06-20T23:28:41.385323,199.75,6407,FL,tablet,0
016398dd-5133-46ef-844e-288316cc4ef8,2025-06-20T23:28:41.397032,172.4,4055,NY,mobile,0
e87a07e9-b75a-4801-9888-1f12322dce92,2025-06-20T23:28:41.409700,163.29,3807,FL,tablet,0
79705b39-8cca-4bfc-99d1-4662fdc2decc,2025-06-20T23:28:41.421635,913.51,6998,NY,mobile,0
e0ae461c-d3d3-49b5-a509-ce8bf1ae5f68,2025-06-20T23:28:41.433730,927.33,5209,FL,tablet,0
e37a8975-56ea-4bf9-8946-a19987f87889,2025-06-20T23:28:41.450442,968.54,6767,TX,mobile,0
8451f1a7-4a54-4776-b4b1-ddb18a936f3c,2025-06-20T23:28:41.463105,793.06,4974,NY,tablet,0
343f27f2-7e3e-416e-ab42-da75002b7a61,2025-06-20T23:28:41.476309,408.04,4659,WA,mobile,0
cfc78d29-cbd5-4e74-b080-dc05cde0517d,2025-06-20T23:28:41.487790,188.22,4861,CA,mobile,0
53bdd031-69a8-4a8b-a455-28614c060e5d,2025-06-20T23:28:41.499159,342.93,3887,CA,tablet,0
83161a77-6d7b-4150-a3a6-458481652205,2025-06-20T23:28:41.511751,320.35,7947,TX,tablet,0
e3ad8761-1c42-47b7-ab0a-3a6407149abc,2025-06-20T23:28:41.524350,999.82,3555,TX,mobile,0
06289b66-f569-4f64-a2d7-2f0ce49ae944,2025-06-20T23:28:41.536948,398.94,6234,TX,mobile,0
62f51f3f-d989-406c-8a1c-2d19a674087c,2025-06-20T23:28:41.549524,429.66,7681,WA,desktop,0
ee32c381-450c-4573-afe9-2514bc1d0fca,2025-06-20T23:28:41.561133,35.79,2244,CA,tablet,0
cc8ea90e-7738-437c-9e34-721e6393fe47,2025-06-20T23:28:41.572299,635.32,5121,WA,tablet,0
29888dd5-6fb1-4ffa-b7e1-2ebc2d439f1a,2025-06-20T23:28:41.584250,422.04,4772,NY,desktop,0
ca8cd80f-d0d2-4a52-b801-8c6c0852086f,2025-06-20T23:28:41.596807,363.19,8071,NY,desktop,0
aa86d654-9e75-4194-8be9-ef961afdf892,2025-06-20T23:28:41.609371,575.92,4060,FL,desktop,0
c6624b8c-a0b1-432b-8fb3-b9769ff6760b,2025-06-20T23:28:41.621927,345.26,4942,TX,tablet,0
78bcdda3-d6dd-4722-b974-3bdfcea62bd9,2025-06-20T23:28:41.632321,53.45,9025,TX,desktop,0
b3934e86-3539-4f68-a8ad-9051f3d6b587,2025-06-20T23:28:41.644991,905.33,5167,WA,mobile,0
7801c2d3-6b75-4627-ba99-49f28fbfff94,2025-06-20T23:28:41.657601,654.75,4907,WA,desktop,0
0c9b155a-9893-466b-8f08-e7199d5e1595,2025-06-20T23:28:41.667747,298.71,6844,NY,tablet,0
29ad70c1-01b3-4d9e-80a3-b26ce37db1b2,2025-06-20T23:28:41.680352,849.18,8630,CA,desktop,0
59c3c533-3e7c-44f1-aa97-644ff8adb166,2025-06-20T23:28:41.692920,33.6,3946,TX,mobile,0
b5a7b331-465e-4a7d-b13f-a6b7a47f7c92,2025-06-20T23:28:41.705394,343.26,1790,NY,mobile,0
3b0d1a7a-e80b-4e57-826c-8442a15a708d,2025-06-20T23:28:41.716260,933.03,8645,TX,tablet,0
64f205cc-f296-4f2e-b98d-0b6b0ba910c2,2025-06-20T23:28:41.727033,888.73,3202,WA,desktop,0
c86f7150-f4c8-468e-8b9e-29f8b9c006bc,2025-06-20T23:28:41.738368,352.6,3768,FL,mobile,0
72dbbf9b-02d2-40d1-be02-94cddc5133b1,2025-06-20T23:28:41.749744,212.59,2145,WA,tablet,0
1cf36035-e7d4-4104-852c-3845ea632938,2025-06-20T23:28:41.762326,310.1,6466,WA,desktop,0
bd2276ee-a204-4746-98c0-8510ab8e59d3,2025-06-20T23:28:41.774871,909.77,7135,CA,mobile,0
71479847-2103-461a-a6ad-6875a6dce921,2025-06-20T23:28:41.787428,625.84,1718,TX,tablet,0
cde8818c-94fd-462e-b8de-3066a6b63ece,2025-06-20T23:28:41.798313,502.54,9998,FL,desktop,0
655a05ef-9945-44a1-98d4-3c7a699e37e8,2025-06-20T23:28:41.810900,101.1,9972,TX,desktop,0
bf77a7d0-2bc1-4b82-8dc6-c9f74e061f94,2025-06-20T23:28:41.823544,871.64,1397,CA,tablet,0
6ddeddf6-948c-4a1e-817a-6314f6717ab2,2025-06-20T23:28:41.835668,113.33,4765,NY,tablet,0
e903e107-dc29-4bda-b657-40af44ac5934,2025-06-20T23:28:41.846223,818.86,4597,WA,desktop,0
90e8ab2b-5652-4d13-8f5a-ef809467937b,2025-06-20T23:28:41.858885,549.72,1013,NY,desktop,0
c6bf5761-2e70-4e5c-b999-3f21616ee04b,2025-06-20T23:28:41.871597,655.2,7116,FL,tablet,1
37af1b69-9d17-46e0-b685-f624f78cf35d,2025-06-20T23:28:41.884275,543.64,1712,TX,mobile,0
95c2fda0-ce97-4b3e-ab57-ed4302362ead,2025-06-20T23:28:41.896941,384.88,7297,WA,desktop,0
bb421942-588c-42aa-9a6e-ce33977e4055,2025-06-20T23:28:41.907156,824.83,5711,FL,mobile,0
e483b510-b2e9-4482-85d7-ccc6ebe3c9fc,2025-06-20T23:28:41.917865,237.43,4574,WA,mobile,0
7d56ce0c-82dd-4b99-b491-9689b20ae543,2025-06-20T23:28:41.929084,112.48,7930,NY,tablet,0
3f67cc02-9f42-483a-8073-2e1ca3269050,2025-06-20T23:28:41.941757,336.6,4353,TX,mobile,0
92a53587-7ce5-4dbd-8c94-6a28ac6f4bcb,2025-06-20T23:28:41.953960,780.73,1441,TX,desktop,0
10541ec6-b184-4019-8487-b8014f06ac8f,2025-06-20T23:28:41.964146,908.71,5785,FL,tablet,0
cb968ba2-b7de-414a-ac05-8abcf6a8371a,2025-06-20T23:28:41.975934,374.1,1050,NY,tablet,0
99e17859-6b38-4c81-9e0e-1ff77d2e6151,2025-06-20T23:28:41.986189,256.02,5803,TX,desktop,0
c2695946-1b6c-4f0c-9f80-083df1ff856e,2025-06-20T23:28:41.997157,546.24,2774,CA,tablet,0
dc9cf4f9-4dd1-479a-8e4a-8ceb56828bee,2025-06-20T23:28:42.007325,623.68,8179,WA,desktop,0
24978acd-cc85-4c38-b603-697d70a6be18,2025-06-20T23:28:42.017465,995.41,9337,TX,tablet,0
de2120b5-f33b-45c2-9bb6-4b8eb3c52cb3,2025-06-20T23:28:42.028908,543.38,8922,FL,mobile,0
416e3ccf-659f-4534-ab44-5986a3976350,2025-06-20T23:28:42.041564,732.82,3482,CA,tablet,0
7093e3be-4971-4609-a778-1c1443fc6f6c,2025-06-20T23:28:42.054201,67.97,6933,WA,mobile,0
bef18c51-d0e2-4ff3-80fb-ba511003bd20,2025-06-20T23:28:42.066846,659.04,9223,CA,mobile,0
7d4c2f19-9d7e-464c-bc20-a199c3166cd8,2025-06-20T23:28:42.079551,299.72,9223,CA,mobile,0
171755f4-5bb6-4b84-97dd-2db194bd4d76,2025-06-20T23:28:42.091535,940.12,8932,CA,desktop,0
5fd8cf9b-f66d-4ccc-9098-ff4a29f1755b,2025-06-20T23:28:42.104149,731.73,7112,NY,mobile,0
4ee8d6ad-7e5b-4ec6-b736-e7169c692eb9,2025-06-20T23:28:42.115166,73.82,6521,WA,desktop,0
2da42851-b6ef-4bb3-b33d-bf104e34e991,2025-06-20T23:28:42.127826,428.03,6806,CA,mobile,0
a4c058c1-1f12-431d-86a8-75b8afb62e5e,2025-06-20T23:28:42.139314,961.61,7286,TX,mobile,0
9e4b3a99-1923-40a9-9414-446f151b628e,2025-06-20T23:28:42.149964,224.66,6988,CA,desktop,0
77509519-7b89-4327-8f03-30b1051eae4e,2025-06-20T23:28:42.162624,594.63,6995,FL,tablet,0
2c4fb134-c05c-4ae6-9189-df3489ef59b3,2025-06-20T23:28:42.174874,409.83,1990,NY,mobile,0
03414157-c897-47f7-9699-cd5d4e95a7da,2025-06-20T23:28:42.187554,5.25,1125,CA,tablet,0
f1cf5061-b9ee-450b-8606-9baa6a3d1a56,2025-06-20T23:28:42.200259,638.4,6326,CA,mobile,0
17cb64d4-5ad0-42af-b8f1-7c59b6f3b462,2025-06-20T23:28:42.210474,680.23,4406,WA,mobile,0
d9fc509a-1b9e-4fca-b1ee-7fcc84e0f836,2025-06-20T23:28:42.223119,822.54,1182,NY,desktop,0
b1df0844-cabf-44b4-b1a9-c80fb2b47eb9,2025-06-20T23:28:42.233692,281.53,2271,TX,tablet,0
1f25fe3f-c490-45cb-9d22-c7dd20ee0654,2025-06-20T23:28:42.243993,933.74,2679,CA,mobile,0
97166391-9d63-4cb3-b5d8-89bf212ffc06,2025-06-20T23:28:42.256713,906.4,1306,WA,tablet,0
072953d1-9d9e-4e7d-9260-32a9681cacf7,2025-06-20T23:28:42.269506,108.73,1318,CA,mobile,0
6a0c0f30-cce0-443d-bf58-fcf0be20524b,2025-06-20T23:28:42.282233,787.86,6453,NY,desktop,0
d92e2a6d-861c-4625-9218-127dc954a255,2025-06-20T23:28:42.294928,53.27,6773,NY,mobile,0
98071d3d-f654-4a3f-a55b-b1565f83e7a2,2025-06-20T23:28:42.307583,830.52,3235,CA,mobile,0
e57c8cde-6bde-4702-93ea-aa0a8c8b0603,2025-06-20T23:28:42.319495,694.27,3107,TX,mobile,0
ae651e84-3406-4f87-82df-8103bf1194ef,2025-06-20T23:28:42.332111,953.51,1395,NY,tablet,0
b5a47e51-f313-4251-aa6a-57702bc01754,2025-06-20T23:28:42.344676,526.96,5068,FL,desktop,0
23a35d4e-d97e-477f-8acc-c7ae8fa1fe52,2025-06-20T23:28:42.356015,603.33,6755,WA,mobile,0
7897487a-fb5c-4527-9d0b-fc49e2133dac,2025-06-20T23:28:42.367028,728.79,6711,WA,mobile,0
e4e3a0cd-debc-4bc8-b6f2-5eedc128dfd3,2025-06-20T23:28:42.379647,434.75,8422,NY,tablet,0
d0638a23-9dcf-492e-a3fe-2f86d9299432,2025-06-20T23:28:42.392304,158.59,8859,FL,mobile,0
b46a1f53-8f92-4567-beec-7c726ddf4550,2025-06-20T23:28:42.405032,857.42,1081,WA,tablet,0
db6f86bf-5a11-4d6b-b8c8-ddab60483034,2025-06-20T23:28:42.415939,559.55,8683,NY,mobile,0
597c4a6a-f7cc-496b-8a1a-4de691411eb2,2025-06-20T23:28:42.428620,64.68,3048,NY,tablet,0
dd4a04a8-2e95-40f0-bb7e-311fb2ab4b57,2025-06-20T23:28:42.440960,592.93,1831,CA,desktop,0
6fdca87f-fc3e-4b64-a402-514e9616bd84,2025-06-20T23:28:42.453670,325.85,4232,NY,mobile,0
3df2b887-5cf6-4bfb-97d8-05d21fe768c7,2025-06-20T23:28:42.466357,256.08,4288,NY,mobile,0
52f11f5f-3a68-4e5b-9592-e1a5054e068a,2025-06-20T23:28:42.479029,629.3,7367,CA,tablet,0
72941f9b-16d6-4507-b5fb-e6185b9dc785,2025-06-20T23:28:42.491677,591.35,3758,TX,mobile,0
37fb641d-a1da-493f-8fd0-f34e923d221c,2025-06-20T23:28:42.502440,237.42,6510,NY,mobile,0
381a53df-17bd-4cb3-b2af-3453b535718c,2025-06-20T23:28:42.515062,835.0,7086,WA,mobile,0
ae7ff540-3307-4223-9a76-28b56598675c,2025-06-20T23:28:42.527675,96.4,2423,WA,desktop,0
9bb22863-bf99-46f3-a87d-407e0b1c35f6,2025-06-20T23:28:42.538716,25.84,5682,CA,tablet,0
5695ffef-9127-4607-b9cb-c810acf5eb6a,2025-06-20T23:28:42.551235,704.06,7478,CA,mobile,0
e1a79b84-7e53-4be6-a26b-5995bb1757e4,2025-06-20T23:28:42.561740,243.5,5144,NY,tablet,0
96d2543a-232e-4ce6-a2b6-02d739ea90d5,2025-06-20T23:28:42.574640,157.79,1837,FL,desktop,0
79cc21ef-9726-4ef3-aa31-fa8f305749ee,2025-06-20T23:28:42.586921,699.45,2612,NY,tablet,0
e8d423f8-8838-4485-9704-9aa65655afa4,2025-06-20T23:28:42.599156,783.35,1046,NY,mobile,0
6d69e7e0-8799-4c2a-a1ba-05825d37ef31,2025-06-20T23:28:42.611815,237.15,7365,CA,mobile,0
3a7a3a56-a815-4740-9b4f-c98b6cfc9bd6,2025-06-20T23:28:42.624517,135.42,6753,FL,mobile,0
b3ccba13-585c-497c-b6c5-69baa32fcf2b,2025-06-20T23:28:42.637208,634.92,2492,FL,mobile,0
d0ab44c6-bac9-4051-8e27-ac653828eb16,2025-06-20T23:28:42.649833,343.16,1363,FL,mobile,0
d66ae974-fc38-4f2d-9da5-d8a84ad47395,2025-06-20T23:28:42.662455,628.34,2678,TX,desktop,0
91442a29-ec18-4382-b90a-e7067fcdd63b,2025-06-20T23:28:42.675099,249.95,1448,TX,tablet,0
ebef993e-5513-4627-89ed-7d6e5e6121bf,2025-06-20T23:28:42.686604,465.8,4714,TX,tablet,0
9a9047bf-796d-4cf4-9373-b592dfde7124,2025-06-20T23:28:42.699204,162.16,3551,CA,mobile,0
0969649f-b54e-4a70-8929-4cf863a977b9,2025-06-20T23:28:42.711037,747.55,7648,CA,tablet,0
13d1c131-0675-4cc7-bd5b-d3565f2e3a8a,2025-06-20T23:28:42.722450,901.32,5371,FL,tablet,0
9fa8a75f-af19-4b42-abcc-06ad85e5e3ce,2025-06-20T23:28:42.735094,807.68,7911,TX,mobile,0
c5846926-0de0-4b78-9270-cca94d3db8e9,2025-06-20T23:28:42.747468,19.22,6095,TX,tablet,0
cadc60f9-ee86-4faf-8a79-bd65cbad1b64,2025-06-20T23:28:42.758007,635.98,1711,NY,mobile,0
9217ef2a-abbb-4acb-8d46-99b1ff226b88,2025-06-20T23:28:42.770617,594.34,2844,CA,mobile,0
561a87ec-247b-46bc-873d-0d59fec3bfc6,2025-06-20T23:28:42.781348,567.01,4340,NY,tablet,0
04ef17da-2351-4516-94d6-7c35cd5a6d3b,2025-06-20T23:28:42.794013,86.15,8341,NY,tablet,0
4347f44e-c843-4e5f-9b83-74baabe0fce6,2025-06-20T23:28:42.806033,284.35,1329,WA,tablet,0
b31cffe1-c217-4240-9516-8515c6e35611,2025-06-20T23:28:42.818725,697.03,7753,FL,mobile,0
ef145e34-4618-4751-bcf8-7ecb9b75210a,2025-06-20T23:28:42.831392,92.99,9468,CA,mobile,0
bd12252d-60f5-4f8b-85b2-36dcec27a2f3,2025-06-20T23:28:42.844060,362.89,6317,FL,desktop,0
cb88b34f-0bfc-44d3-b5ca-362cca42a70a,2025-06-20T23:28:42.856722,660.86,2122,WA,mobile,0
b71ecbd0-6c13-430a-a488-e82318883fbe,2025-06-20T23:28:42.867506,398.86,2320,FL,tablet,0
5f015826-9fae-47dd-a4d3-5376c3c3de8e,2025-06-20T23:28:42.880211,910.92,9227,NY,desktop,0
bd666441-ef0c-42e3-9fee-f3b4f4549e18,2025-06-20T23:28:42.891548,188.03,9535,NY,mobile,0
d38e3478-2176-4a21-8cd7-66895abd34f9,2025-06-20T23:28:42.902772,96.91,4346,FL,mobile,0
01b3b93e-fa9d-4319-860d-05c4455b09ae,2025-06-20T23:28:42.915445,227.79,6355,CA,tablet,0
fb5019ca-569e-4215-a0aa-a54830cf4b21,2025-06-20T23:28:42.927664,528.92,2265,FL,mobile,0
eade245a-9c79-463d-b467-57ff18686ddd,2025-06-20T23:28:42.938597,14.46,1791,NY,tablet,0
2ccaae62-3e67-45eb-8d99-44a6716eac90,2025-06-20T23:28:42.950348,445.23,1085,NY,desktop,0
37498871-0d8c-46f8-8b61-1de53b105cfc,2025-06-20T23:28:42.961786,811.89,7536,TX,desktop,0
d1069f84-48de-4f9a-a5a5-8bbf9252a2f8,2025-06-20T23:28:42.972044,573.55,7416,CA,tablet,0
3b4d61b0-2776-4fb0-bf87-46ec560dbc15,2025-06-20T23:28:42.983693,112.24,6793,FL,desktop,0
66181f50-cd99-4423-b520-5e55dbb58cf4,2025-06-20T23:28:42.994983,795.96,2892,TX,mobile,0
add5fe20-e59c-4795-8474-b9a27f41d22a,2025-06-20T23:28:43.007636,644.46,2655,WA,mobile,0
0ce68f4b-1313-497f-b8ef-41b6e19e2e77,2025-06-20T23:28:43.019235,892.69,3743,FL,desktop,0
8d79907e-3dc1-4fb5-99be-a00fcf001557,2025-06-20T23:28:43.031882,80.72,1806,NY,tablet,0
e0067faf-50d8-4c6a-bf30-1f731a553bd2,2025-06-20T23:28:43.044571,229.69,3028,TX,desktop,0
5c376479-0317-4ff8-a799-1b542bec8c3f,2025-06-20T23:28:43.057210,830.13,9356,FL,mobile,0
70ed1956-06a3-4430-b622-6f5a1193c369,2025-06-20T23:28:43.069863,651.13,9861,TX,mobile,0
11fbf882-f83c-4daf-9ded-6bd6ced2946d,2025-06-20T23:28:43.082556,589.03,5439,CA,tablet,0
0b150150-ce27-4bca-bb33-b68cb746722d,2025-06-20T23:28:43.094831,254.75,3619,NY,mobile,0
82b60cad-458b-41fd-a1ec-884ffb589626,2025-06-20T23:28:43.107529,956.38,7025,FL,desktop,0
05f24492-c0b6-474d-ac13-4f09672cbb49,2025-06-20T23:28:43.118695,26.52,9187,WA,desktop,0
ba6e675b-68ce-49b3-84fc-ec046dd0f8a4,2025-06-20T23:28:43.129408,231.86,2288,NY,desktop,0
1ec67edf-5262-4cf1-99af-443b3db77a87,2025-06-20T23:28:43.142030,380.25,3430,CA,mobile,0
b3fe94e9-99b9-4352-8d46-519b0e7c4f5c,2025-06-20T23:28:43.154636,541.38,6913,FL,tablet,0
85eceba7-2e46-4053-a611-e26b5287e38a,2025-06-20T23:28:43.167232,594.21,5628,FL,tablet,0
79a997ba-3bc5-49ce-b0cf-21913b90edf1,2025-06-20T23:28:43.177855,496.47,2586,NY,tablet,0
91fd0d35-90be-4659-8c20-c743c33fed47,2025-06-20T23:28:43.190398,234.76,9701,CA,tablet,0
e9aee126-4872-4dda-ac70-59f88dcef0a7,2025-06-20T23:28:43.202264,199.73,5203,WA,desktop,0
aab08a5d-280a-4361-899d-73ea0d348c73,2025-06-20T23:28:43.214874,651.97,9627,FL,tablet,0
d638f71c-0f93-48eb-b2de-315f9da3fe54,2025-06-20T23:28:43.227476,844.53,9884,TX,desktop,0
2607ba6e-e379-4ced-a578-611af33b77de,2025-06-20T23:28:43.240127,735.5,4982,FL,mobile,0
e0c2c678-dcd2-4e39-b924-312e0fb5d604,2025-06-20T23:28:43.252204,974.85,4155,NY,tablet,0
b4e16c93-7e9f-4494-acd0-d499c39d46ed,2025-06-20T23:28:43.263323,440.61,2441,CA,desktop,0
e6de1907-3acc-422b-b936-23d2d5f219b7,2025-06-20T23:28:43.276079,765.45,3559,FL,tablet,0
1d0ba078-c66f-4a95-afcc-34ffcb09d730,2025-06-20T23:28:43.288865,248.94,8561,CA,mobile,0
8d9aeaaa-a44d-46bc-affa-82a8e88a1d77,2025-06-20T23:28:43.301588,70.52,6580,WA,mobile,0
aaba58ca-0881-434b-8047-17fe3f063b60,2025-06-20T23:28:43.311989,37.66,6302,NY,mobile,0
b965d12f-81af-40f9-aefd-d609110f305d,2025-06-20T23:28:43.324662,852.93,7098,CA,tablet,0
6a944a84-e447-4833-8a26-479d4015e015,2025-06-20T23:28:43.335500,79.1,7894,CA,mobile,0
70fd08b3-70c2-4f23-94ee-88fbfdcbde12,2025-06-20T23:28:43.347425,484.62,7086,WA,mobile,0
84cd6d19-4c6f-48d2-9698-1e98a922978e,2025-06-20T23:28:43.360065,936.6,4361,TX,tablet,0
bd8d6c5f-ab24-445c-852e-2dfbad1f0711,2025-06-20T23:28:43.372681,895.16,3759,CA,tablet,0
938c106a-5836-4220-9d20-00e0410d4574,2025-06-20T23:28:43.383217,969.81,5835,WA,mobile,0
00e2ba71-e10c-43d3-9137-1b57bf45eb91,2025-06-20T23:28:43.395814,321.27,8623,TX,mobile,0
130c8366-7e32-49b2-9fb4-f2d5f8e93b40,2025-06-20T23:28:43.408404,637.26,7688,TX,tablet,0
77553447-5066-45e0-8ee7-65b736143808,2025-06-20T23:28:43.420998,139.0,7922,FL,desktop,0
54ebfcf8-88df-43c2-9f16-35b748bce1f9,2025-06-20T23:28:43.433308,640.1,3026,FL,desktop,0
0fa24a4b-21ba-43f1-b08f-9df51ad5cdbb,2025-06-20T23:28:43.443548,488.35,5796,TX,mobile,0
555983c0-17a5-4b26-87ff-d6fa068475c8,2025-06-20T23:28:43.454496,65.73,1698,CA,mobile,0
72236f4c-0084-4298-8cb9-c1b9452afd27,2025-06-20T23:28:43.467138,610.19,1749,CA,mobile,0
da8615c4-a001-48de-8119-833f5d58eba1,2025-06-20T23:28:43.477344,976.09,3253,NY,tablet,0
cc48b769-e399-44a9-85ba-bf38d1e7d49e,2025-06-20T23:28:43.490011,262.65,8728,TX,tablet,0
b5ad2ed3-d9d6-45a1-8faa-90a3035546a5,2025-06-20T23:28:43.502139,837.76,6625,WA,mobile,1
b7b29a19-d020-4053-a69d-c8c92f039e5f,2025-06-20T23:28:43.513855,651.3,8062,NY,mobile,0
a70b68d9-c99c-4fb0-92f7-e09548d9ad97,2025-06-20T23:28:43.524336,275.93,9502,TX,tablet,0
320efdac-7d0e-4440-ae43-9480c8028a6a,2025-06-20T23:28:43.535498,859.09,5917,FL,mobile,0
c04663df-05ff-406d-b17c-5fad45360845,2025-06-20T23:28:43.548161,285.73,1769,WA,tablet,0
ddcf7bd9-2ad6-49ae-91e4-7e6c4875359c,2025-06-20T23:28:43.560765,229.79,9323,TX,desktop,0
b9b83351-773a-4502-9dc0-485b27eaf32e,2025-06-20T23:28:43.573369,320.06,9622,NY,tablet,0
36a8b639-2df2-4bad-9046-ab3be737040e,2025-06-20T23:28:43.585207,348.14,2443,FL,tablet,0
43deac48-5c03-44ba-afba-6d34850351a4,2025-06-20T23:28:43.595717,427.51,7870,CA,desktop,1
b93f52a9-fc83-4817-a51b-275c40d6bf33,2025-06-20T23:28:43.608147,356.1,6598,NY,desktop,0
40453fa2-282d-4914-a04b-25d6dcfd89a2,2025-06-20T23:28:43.620770,71.69,3536,FL,mobile,0
f8889424-bd43-4c0a-88f9-335172ac50a5,2025-06-20T23:28:43.633382,507.12,7322,NY,mobile,0
817720f7-23f9-4370-a7e0-f4c42c2fb704,2025-06-20T23:28:43.645991,352.62,6370,CA,tablet,0
39bc312a-9a97-4ac3-a52a-521cb05540c6,2025-06-20T23:28:43.657127,802.87,5633,WA,tablet,0
1573871c-7c38-4e42-8224-10b0c3f61f93,2025-06-20T23:28:43.669706,749.4,9713,NY,desktop,0
116bc707-d730-45bb-a44f-2208743cad4c,2025-06-20T23:28:43.682355,81.12,6220,WA,mobile,0
